
[07:35:47 UTC] [SUCCESS] {"required_plugins":{"active":[],"inactive":[],"notinstalled":[{"name":"Spectra","slug":"ultimate-addons-for-gutenberg","init":"ultimate-addons-for-gutenberg\/ultimate-addons-for-gutenberg.php","action":"http:\/\/localhost\/wordpress\/wp-admin\/update.php?action=install-plugin&plugin=ultimate-addons-for-gutenberg&_wpnonce=9005445190"},{"name":"SureForms","slug":"sureforms","init":"sureforms\/sureforms.php","action":"http:\/\/localhost\/wordpress\/wp-admin\/update.php?action=install-plugin&plugin=sureforms&_wpnonce=6b33c084e5"},{"name":"SureRank","slug":"surerank","init":"surerank\/surerank.php","action":"http:\/\/localhost\/wordpress\/wp-admin\/update.php?action=install-plugin&plugin=surerank&_wpnonce=55e5736735"},{"name":"SureCart","slug":"surecart","init":"surecart\/surecart.php","action":"http:\/\/localhost\/wordpress\/wp-admin\/update.php?action=install-plugin&plugin=surecart&_wpnonce=40845631e6"}]},"third_party_required_plugins":[],"update_avilable_plugins":[],"incompatible_plugins":[],"error":false} | Context: {"required_plugins":{"active":[],"inactive":[],"notinstalled":[{"name":"Spectra","slug":"ultimate-addons-for-gutenberg","init":"ultimate-addons-for-gutenberg\/ultimate-addons-for-gutenberg.php","action":"http:\/\/localhost\/wordpress\/wp-admin\/update.php?action=install-plugin&plugin=ultimate-addons-for-gutenberg&_wpnonce=9005445190"},{"name":"SureForms","slug":"sureforms","init":"sureforms\/sureforms.php","action":"http:\/\/localhost\/wordpress\/wp-admin\/update.php?action=install-plugin&plugin=sureforms&_wpnonce=6b33c084e5"},{"name":"SureRank","slug":"surerank","init":"surerank\/surerank.php","action":"http:\/\/localhost\/wordpress\/wp-admin\/update.php?action=install-plugin&plugin=surerank&_wpnonce=55e5736735"},{"name":"SureCart","slug":"surecart","init":"surecart\/surecart.php","action":"http:\/\/localhost\/wordpress\/wp-admin\/update.php?action=install-plugin&plugin=surecart&_wpnonce=40845631e6"}]},"third_party_required_plugins":[],"update_avilable_plugins":[],"incompatible_plugins":[],"error":false}
[07:35:47 UTC] [INFO] Starting import process | Context: {"template_type":"ai","uuid":"5a2c1a32-ecb7-44cb-9393-1ad0de1d9dc2"}
[07:35:47 UTC] [SUCCESS] {"permissions":{"is_readable":true,"is_writable":true,"is_wp_filesystem":true},"directory":"C:\\xampp\\htdocs\\wordpress\/wp-content\/uploads"} | Context: {"permissions":{"is_readable":true,"is_writable":true,"is_wp_filesystem":true},"directory":"C:\\xampp\\htdocs\\wordpress\/wp-content\/uploads"}
[07:35:47 UTC] [INFO] AI import started flag set | Context: {"uuid":"5a2c1a32-ecb7-44cb-9393-1ad0de1d9dc2"}
[07:35:47 UTC] [INFO] Started Import Process
[07:35:47 UTC] [INFO] # System Details: 
[07:35:47 UTC] [INFO] Debug Mode 		: Disabled
[07:35:47 UTC] [INFO] Operating System 	: WINNT
[07:35:47 UTC] [INFO] Software 		: Apache/2.4.56 (Win64) OpenSSL/1.1.1t PHP/8.1.17
[07:35:47 UTC] [INFO] MySQL version 		: 10.4.28
[07:35:47 UTC] [INFO] XML Reader 		: Yes
[07:35:47 UTC] [INFO] PHP Version 		: 8.1.17
[07:35:47 UTC] [INFO] PHP Max Input Vars 	: 1000
[07:35:47 UTC] [INFO] PHP Max Post Size 	: 40M
[07:35:47 UTC] [INFO] PHP Extension GD 	: No
[07:35:47 UTC] [INFO] PHP Max Execution Time 	: 120
[07:35:47 UTC] [INFO] Max Upload Size 	: 40 MB
[07:35:47 UTC] [INFO] Memory Limit 		: Current memory limit 40M. We recommend setting memory to at least 64M.
[07:35:47 UTC] [INFO] Timezone 		: 0
[07:35:48 UTC] [INFO] 
-----

[07:35:48 UTC] [INFO] Importing Started! - 07:35:48 UTC
[07:35:48 UTC] [INFO] ---

[07:35:48 UTC] [INFO] WHY IMPORT PROCESS CAN FAIL? READ THIS - 
[07:35:48 UTC] [INFO] https://wpastra.com/docs/?p=1314&utm_source=demo-import-panel&utm_campaign=import-error&utm_medium=wp-dashboard

[07:35:48 UTC] [INFO] ---

[07:35:48 UTC] [SUCCESS] Import process start flag set successfully | Context: {"template_type":"ai"}
[07:35:50 UTC] [SUCCESS] {"required_plugins":{"active":[],"inactive":[],"notinstalled":[{"name":"Spectra","slug":"ultimate-addons-for-gutenberg","init":"ultimate-addons-for-gutenberg\/ultimate-addons-for-gutenberg.php","action":"http:\/\/localhost\/wordpress\/wp-admin\/update.php?action=install-plugin&plugin=ultimate-addons-for-gutenberg&_wpnonce=9005445190"},{"name":"SureForms","slug":"sureforms","init":"sureforms\/sureforms.php","action":"http:\/\/localhost\/wordpress\/wp-admin\/update.php?action=install-plugin&plugin=sureforms&_wpnonce=6b33c084e5"},{"name":"SureRank","slug":"surerank","init":"surerank\/surerank.php","action":"http:\/\/localhost\/wordpress\/wp-admin\/update.php?action=install-plugin&plugin=surerank&_wpnonce=55e5736735"},{"name":"SureCart","slug":"surecart","init":"surecart\/surecart.php","action":"http:\/\/localhost\/wordpress\/wp-admin\/update.php?action=install-plugin&plugin=surecart&_wpnonce=40845631e6"}]},"third_party_required_plugins":[],"update_avilable_plugins":[],"incompatible_plugins":[],"error":false} | Context: {"required_plugins":{"active":[],"inactive":[],"notinstalled":[{"name":"Spectra","slug":"ultimate-addons-for-gutenberg","init":"ultimate-addons-for-gutenberg\/ultimate-addons-for-gutenberg.php","action":"http:\/\/localhost\/wordpress\/wp-admin\/update.php?action=install-plugin&plugin=ultimate-addons-for-gutenberg&_wpnonce=9005445190"},{"name":"SureForms","slug":"sureforms","init":"sureforms\/sureforms.php","action":"http:\/\/localhost\/wordpress\/wp-admin\/update.php?action=install-plugin&plugin=sureforms&_wpnonce=6b33c084e5"},{"name":"SureRank","slug":"surerank","init":"surerank\/surerank.php","action":"http:\/\/localhost\/wordpress\/wp-admin\/update.php?action=install-plugin&plugin=surerank&_wpnonce=55e5736735"},{"name":"SureCart","slug":"surecart","init":"surecart\/surecart.php","action":"http:\/\/localhost\/wordpress\/wp-admin\/update.php?action=install-plugin&plugin=surecart&_wpnonce=40845631e6"}]},"third_party_required_plugins":[],"update_avilable_plugins":[],"incompatible_plugins":[],"error":false}
[07:35:51 UTC] [SUCCESS] {"permissions":{"is_readable":true,"is_writable":true,"is_wp_filesystem":true},"directory":"C:\\xampp\\htdocs\\wordpress\/wp-content\/uploads"} | Context: {"permissions":{"is_readable":true,"is_writable":true,"is_wp_filesystem":true},"directory":"C:\\xampp\\htdocs\\wordpress\/wp-content\/uploads"}
[07:35:52 UTC] [INFO] Checking if plugin directory clearing is needed
[07:35:52 UTC] [INFO] Plugin install clear directory - Not an Astra Sites request, skipping
[07:36:20 UTC] [INFO] Checking if plugin directory clearing is needed
[07:36:20 UTC] [INFO] Plugin install clear directory - Not an Astra Sites request, skipping
[07:36:50 UTC] [SUCCESS] Plugin Activated | Context: {"success":true,"status":"activated","message":"Plugin Activated"}
[07:36:50 UTC] [INFO] Checking if plugin directory clearing is needed
[07:36:50 UTC] [INFO] Plugin install clear directory - Not an Astra Sites request, skipping
[07:37:19 UTC] [SUCCESS] Plugin Activated | Context: {"success":true,"status":"activated","message":"Plugin Activated"}
[07:37:19 UTC] [INFO] Checking if plugin directory clearing is needed
[07:37:19 UTC] [INFO] Plugin install clear directory - Not an Astra Sites request, skipping
[07:37:37 UTC] [SUCCESS] Plugin Activated | Context: {"success":true,"status":"activated","message":"Plugin Activated"}
[07:37:37 UTC] [INFO] Checking if plugin directory clearing is needed
[07:37:37 UTC] [INFO] Plugin install clear directory - Not an Astra Sites request, skipping
[07:41:16 UTC] [SUCCESS] Plugin Activated | Context: {"success":true,"status":"activated","message":"Plugin Activated"}
[07:45:55 UTC] [INFO] ---

[07:45:55 UTC] [INFO] Starting import customizer settings
[07:45:55 UTC] [INFO] Importing customizer settings | Context: {"settings_count":0}
[07:45:55 UTC] [INFO] Fetched customizer data from site data | Context: {"settings_count":2}
[07:45:55 UTC] [INFO] Starting customizer settings import | Context: {"settings_count":2}
[07:45:55 UTC] [INFO] Validating customizer data keys | Context: {"keys":["astra-settings","custom-css"]}
[07:45:55 UTC] [INFO] Old customizer data backed up
[07:45:56 UTC] [SUCCESS] Astra theme settings updated | Context: {"option_key":"astra-settings"}
[07:45:56 UTC] [SUCCESS] Custom CSS updated | Context: {"option_key":"custom-css"}
[07:45:56 UTC] [SUCCESS] Customizer settings import completed successfully
[07:45:56 UTC] [SUCCESS] Customizer settings imported successfully
[07:45:59 UTC] [INFO] ---

[07:45:59 UTC] [INFO] Starting import Spectra settings
[07:45:59 UTC] [INFO] Starting Spectra settings import | Context: {"settings_count":29}
[07:45:59 UTC] [SUCCESS] Spectra settings imported successfully
[07:45:59 UTC] [SUCCESS] Spectra settings imported successfully. | Context: {"message":"Spectra settings imported successfully.","url":""}
[07:46:03 UTC] [INFO] ---

[07:46:03 UTC] [INFO] Starting import SureCart settings
[07:46:03 UTC] [INFO] Starting SureCart settings import | Context: {"account_id":""}
[07:46:03 UTC] [INFO] SureCart settings validation | Context: {"currency":"usd","create_account":true}
[07:46:03 UTC] [INFO] SureCart processing products data | Context: {"product_count":0}
[07:46:03 UTC] [INFO] SureCart no products found, seed flag enabled
[07:46:03 UTC] [INFO] SureCart API call to create account
[07:46:06 UTC] [ERROR] SureCart settings import API error | Context: {"error":"Unknown error"}
[07:46:06 UTC] [SUCCESS] success
[07:46:12 UTC] [INFO] {"post_title":"Response XML","post_mime_type":"application\/xml","post_content":"","post_status":"inherit"}
[07:46:12 UTC] [INFO] "C:\\xampp\\htdocs\\wordpress\/wp-content\/uploads\/2026\/04\/wxr.xml"
[07:46:12 UTC] [INFO] 166
[07:46:12 UTC] [INFO] info | Context: {"xml_file_path":"C:\\xampp\\htdocs\\wordpress\/wp-content\/uploads\/2026\/04\/wxr.xml","xml_post_id":166}
[07:46:12 UTC] [INFO] success | Context: {"xml_file_path":"C:\\xampp\\htdocs\\wordpress\/wp-content\/uploads\/2026\/04\/wxr.xml","post_count":16,"media_count":33,"author_count":3,"comment_count":2,"term_count":7}
[07:46:32 UTC] [INFO] info | Context: {"xml_url_provided":false}
[07:46:32 UTC] [INFO] info | Context: {"xml_url":"C:\\xampp\\htdocs\\wordpress\/wp-content\/uploads\/2026\/04\/wxr.xml","file_size":904592}
[07:46:54 UTC] [INFO] success | Context: {"post_id":296,"post_type":"page","original_id":296,"post_title":"Home"}
[07:46:54 UTC] [INFO] success | Context: {"post_id":298,"post_type":"page","original_id":298,"post_title":"About"}
[07:46:54 UTC] [INFO] success | Context: {"post_id":307,"post_type":"nav_menu_item","original_id":307,"post_title":"Home"}
[07:46:54 UTC] [INFO] success | Context: {"post_id":308,"post_type":"nav_menu_item","original_id":308,"post_title":"About"}
[07:46:54 UTC] [INFO] success | Context: {"post_id":309,"post_type":"nav_menu_item","original_id":309,"post_title":"Services"}
[07:46:55 UTC] [INFO] success | Context: {"post_id":310,"post_type":"nav_menu_item","original_id":310,"post_title":"Blog"}
[07:46:55 UTC] [INFO] success | Context: {"post_id":311,"post_type":"nav_menu_item","original_id":311,"post_title":"Contact"}
[07:47:05 UTC] [INFO] success | Context: {"post_id":533,"post_type":"wp_navigation","original_id":4,"post_title":"Navigation"}
[07:47:05 UTC] [INFO] success | Context: {"post_id":244,"post_type":"post","original_id":244,"post_title":"Mastering the First Impression: Your intriguing post title goes here"}
[07:47:05 UTC] [INFO] success | Context: {"post_id":246,"post_type":"post","original_id":246,"post_title":"The Art of Drawing Readers In: Your attractive post title goes here"}
[07:47:05 UTC] [INFO] success | Context: {"post_id":247,"post_type":"post","original_id":247,"post_title":"Crafting Captivating Headlines: Your awesome post title goes here"}
[07:47:06 UTC] [INFO] success | Context: {"post_id":299,"post_type":"page","original_id":299,"post_title":"Services"}
[07:47:06 UTC] [INFO] success | Context: {"post_id":300,"post_type":"page","original_id":300,"post_title":"Blog"}
[07:47:06 UTC] [INFO] success | Context: {"post_id":301,"post_type":"page","original_id":301,"post_title":"Contact"}
[07:47:06 UTC] [INFO] success | Context: {"post_id":355,"post_type":"wp_global_styles","original_id":355,"post_title":"Custom Styles"}
[07:47:06 UTC] [INFO] success | Context: {"post_id":513,"post_type":"sureforms_form","original_id":513,"post_title":"Simple Contact Form"}
[07:47:06 UTC] [INFO] success | Context: {"xml_url":"C:\\xampp\\htdocs\\wordpress\/wp-content\/uploads\/2026\/04\/wxr.xml"}
[07:47:09 UTC] [INFO] ---

[07:47:09 UTC] [INFO] Starting import options
[07:47:09 UTC] [INFO] Importing site options | Context: {"options":[]}
[07:47:09 UTC] [INFO] Starting site options import | Context: {"options_count":13}
[07:47:09 UTC] [INFO] Old site options backed up
[07:47:09 UTC] [INFO] Processing option | Context: {"option_name":"custom_logo"}
[07:47:09 UTC] [INFO] Importing custom logo | Context: {"logo_id":""}
[07:47:09 UTC] [INFO] info | Context: {"url":""}
[07:47:09 UTC] [INFO] error | Context: {"url":""}
[07:47:09 UTC] [INFO] error | Context: {"url":""}
[07:47:09 UTC] [INFO] Processing option | Context: {"option_name":"nav_menu_locations"}
[07:47:09 UTC] [INFO] Setting navigation menu locations | Context: {"menu_count":3}
[07:47:09 UTC] [INFO] info | Context: {"total_locations":3}
[07:47:09 UTC] [INFO] info | Context: {"location":"primary","slug":"primary-menu","menu_id":9}
[07:47:09 UTC] [INFO] info | Context: {"location":"mobile_menu","slug":"primary-menu","menu_id":9}
[07:47:09 UTC] [INFO] info | Context: {"location":"footer_menu","slug":"primary-menu","menu_id":9}
[07:47:10 UTC] [INFO] success | Context: {"successful_mappings":3,"failed_locations":[],"total_locations":3}
[07:47:10 UTC] [INFO] Processing option | Context: {"option_name":"show_on_front"}
[07:47:10 UTC] [INFO] Updating standard option | Context: {"option_name":"show_on_front"}
[07:47:10 UTC] [INFO] Processing option | Context: {"option_name":"page_on_front"}
[07:47:10 UTC] [INFO] Updating page ID option | Context: {"option_name":"page_on_front","option_value":"Home"}
[07:47:10 UTC] [INFO] info | Context: {"option_name":"page_on_front","option_value":"Home"}
[07:47:10 UTC] [INFO] success | Context: {"option_name":"page_on_front","page_title":"Home","page_id":296}
[07:47:10 UTC] [INFO] Processing option | Context: {"option_name":"page_for_posts"}
[07:47:10 UTC] [INFO] Updating page ID option | Context: {"option_name":"page_for_posts","option_value":"Blog"}
[07:47:10 UTC] [INFO] info | Context: {"option_name":"page_for_posts","option_value":"Blog"}
[07:47:10 UTC] [INFO] success | Context: {"option_name":"page_for_posts","page_title":"Blog","page_id":300}
[07:47:10 UTC] [INFO] Processing option | Context: {"option_name":"site_title"}
[07:47:10 UTC] [INFO] Updating site title | Context: {"site_title":"PrimePulse"}
[07:47:10 UTC] [INFO] Processing option | Context: {"option_name":"astra-color-palettes"}
[07:47:10 UTC] [INFO] Updating standard option | Context: {"option_name":"astra-color-palettes"}
[07:47:10 UTC] [INFO] Processing option | Context: {"option_name":"astra-typography-presets"}
[07:47:10 UTC] [INFO] Updating standard option | Context: {"option_name":"astra-typography-presets"}
[07:47:10 UTC] [INFO] Processing option | Context: {"option_name":"srfm_general_settings_options"}
[07:47:10 UTC] [INFO] Updating standard option | Context: {"option_name":"srfm_general_settings_options"}
[07:47:10 UTC] [INFO] Processing option | Context: {"option_name":"get_default_dynamic_block_option"}
[07:47:10 UTC] [INFO] Updating standard option | Context: {"option_name":"get_default_dynamic_block_option"}
[07:47:10 UTC] [INFO] Processing option | Context: {"option_name":"srfm_default_dynamic_block_option"}
[07:47:10 UTC] [INFO] Updating standard option | Context: {"option_name":"srfm_default_dynamic_block_option"}
[07:47:10 UTC] [INFO] Processing option | Context: {"option_name":"srfm_email_summary_settings_options"}
[07:47:10 UTC] [INFO] Updating standard option | Context: {"option_name":"srfm_email_summary_settings_options"}
[07:47:10 UTC] [INFO] Processing option | Context: {"option_name":"srfm_security_settings_options"}
[07:47:10 UTC] [INFO] Updating standard option | Context: {"option_name":"srfm_security_settings_options"}
[07:47:10 UTC] [INFO] Running st_importer_import_site_options action
[07:47:10 UTC] [INFO] Processing site options import - Total options: 13
[07:47:10 UTC] [INFO] Inserting custom logo from URL: 
[07:47:10 UTC] [INFO] Starting image import for URL: 
[07:47:10 UTC] [WARNING] Invalid image URL provided: 
[07:47:10 UTC] [WARNING] Failed to download logo image from: 
[07:47:10 UTC] [INFO] Setting nav menu locations - Total menus: 3
[07:47:10 UTC] [INFO] Menu location 'primary' set to term ID: 9
[07:47:10 UTC] [INFO] Menu location 'mobile_menu' set to term ID: 9
[07:47:10 UTC] [INFO] Menu location 'footer_menu' set to term ID: 9
[07:47:10 UTC] [SUCCESS] Nav menu locations updated successfully
[07:47:10 UTC] [INFO] Updated option: show_on_front | Context: "page"
[07:47:10 UTC] [INFO] Updating page ID for option: page_on_front with value: Home
[07:47:10 UTC] [INFO] Page ID updated for page_on_front: 296
[07:47:10 UTC] [INFO] Updating page ID for option: page_for_posts with value: Blog
[07:47:10 UTC] [INFO] Page ID updated for page_for_posts: 300
[07:47:10 UTC] [INFO] Site title (blogname) updated successfully to PrimePulse
[07:47:10 UTC] [INFO] Updated option: astra-color-palettes | Context: {"currentPalette":"palette_1","palettes":{"palette_1":["#ff6464","#f14e4e","#071f1b","#393939","#faf6f6","#FFFFFF","#e4dede","#000000","#111111"],"palette_2":["#0067FF","#005EE9","#0F172A","#364151","#E7F6FF","#FFFFFF","#D1DAE5","#070614","#222222"],"palette_3":["#6528F7","#5511F8","#0F172A","#454F5E","#F2F0FE","#FFFFFF","#D8D8F5","#0D0614","#222222"],"palette_4":["#0085FF","#0177E3","#FFFFFF","#E7F6FF","#212A37","#0F172A","#4F5B62","#070614","#222222"]},"presets":{"Oak":["#0067FF","#005EE9","#0F172A","#364151","#E7F6FF","#FFFFFF","#D1DAE5","#070614","#222222"],"Viola":["#6528F7","#5511F8","#0F172A","#454F5E","#F2F0FE","#FFFFFF","#D8D8F5","#0D0614","#222222"],"Cedar":["#DD183B","#CC1939","#0F172A","#3A3A3A","#FFEDE6","#FFFFFF","#FFD1BF","#140609","#222222"],"Willow":["#54B435","#379237","#0F172A","#2F3B40","#EDFBE2","#FFFFFF","#D5EAD8","#0C1406","#222222"],"Lily":["#DCA54A","#D09A40","#0F172A","#4A4A4A","#FAF5E5","#FFFFFF","#F0E6C5","#141004","#222222"],"Rose":["#FB5FAB","#EA559D","#0F172A","#454F5E","#FCEEF5","#FFFFFF","#FAD8E9","#140610","#222222"],"Sage":["#1B9C85","#178E79","#0F172A","#454F5E","#EDF6EE","#FFFFFF","#D4F3D7","#06140C","#222222"],"Flare":["#FD9800","#E98C00","#0F172A","#454F5E","#FEF9E1","#FFFFFF","#F9F0C8","#141006","#222222"],"Maple":["#FF6210","#F15808","#1C0D0A","#353535","#FEF1E4","#FFFFFF","#E5D7D1","#140B06","#222222"],"Birch":["#737880","#65696F","#151616","#393C40","#F6F6F6","#FFFFFF","#F1F0F0","#232529","#222222"],"Dark":["#0085FF","#0177E3","#FFFFFF","#E7F6FF","#212A37","#0F172A","#4F5B62","#070614","#222222"]},"flag":false}
[07:47:10 UTC] [INFO] Updated option: astra-typography-presets
[07:47:10 UTC] [INFO] Updated option: srfm_general_settings_options
[07:47:10 UTC] [INFO] Updated option: get_default_dynamic_block_option
[07:47:10 UTC] [INFO] Updated option: srfm_default_dynamic_block_option | Context: {"srfm_url_block_required_text":"This field is required.","srfm_input_block_required_text":"This field is required.","srfm_input_block_unique_text":"Value needs to be unique.","srfm_address_block_required_text":"This field is required.","srfm_phone_block_required_text":"This field is required.","srfm_phone_block_unique_text":"Value needs to be unique.","srfm_number_block_required_text":"This field is required.","srfm_textarea_block_required_text":"This field is required.","srfm_multi_choice_block_required_text":"This field is required.","srfm_checkbox_block_required_text":"This field is required.","srfm_gdpr_block_required_text":"This field is required.","srfm_email_block_required_text":"This field is required.","srfm_email_block_unique_text":"Value needs to be unique.","srfm_dropdown_block_required_text":"This field is required.","srfm_rating_block_required_text":"This field is required.","srfm_valid_phone_number":"Please enter a valid phone number.","srfm_valid_url":"Please enter a valid URL.","srfm_confirm_email_same":"Confirmation email does not match.","srfm_valid_email":"Please enter a valid email address.","srfm_input_min_value":"Minimum value is %s","srfm_input_max_value":"Maximum value is %s","srfm_dropdown_min_selections":"Minimum %s selections are required","srfm_dropdown_max_selections":"Maximum %s selections are allowed","srfm_multi_choice_min_selections":"Minimum %s selections are required","srfm_multi_choice_max_selections":"Maximum %s selections are allowed"}
[07:47:10 UTC] [INFO] Updated option: srfm_email_summary_settings_options
[07:47:10 UTC] [INFO] Updated option: srfm_security_settings_options
[07:47:10 UTC] [SUCCESS] Classic templates options import completed successfully
[07:47:10 UTC] [SUCCESS] Site options import completed successfully | Context: {"processed_count":13,"skipped_count":0,"total_count":13}
[07:47:10 UTC] [SUCCESS] Site options Imported!
[07:47:13 UTC] [INFO] ---

[07:47:13 UTC] [INFO] Starting import widgets
[07:47:13 UTC] [INFO] Importing widgets
[07:47:13 UTC] [INFO] Starting widgets import
[07:47:13 UTC] [INFO] Processing widget data | Context: {"data_type":"string","widgets_data_type":"string"}
[07:47:13 UTC] [INFO] Parsing widget data from JSON string
[07:47:13 UTC] [INFO] Importing widget data via ST_Widget_Importer
[07:47:13 UTC] [INFO] Starting widget import process
[07:47:13 UTC] [INFO] Checking available widgets | Context: {"widget_control_count":23}
[07:47:13 UTC] [INFO] Widget availability check completed | Context: {"available_widget_count":18,"available_widgets":["pages","calendar","archives","media_audio","media_image","media_gallery","media_video","meta","search","text","categories","recent-posts","recent-comments","rss","tag_cloud","nav_menu","custom_html","block"]}
[07:47:13 UTC] [INFO] Loaded widget configuration | Context: {"available_widget_types":18,"sidebar_count":3}
[07:47:13 UTC] [INFO] Processing sidebars from import data | Context: {"sidebar_count_in_data":2}
[07:47:13 UTC] [INFO] Processing sidebar: sidebar-1 | Context: {"sidebar_name":"Main Sidebar","widget_count":5,"availability":"available"}
[07:47:13 UTC] [INFO] Processing widget: block-2 | Context: {"widget_type":"block","instance_id":"2","sidebar_id":"sidebar-1"}
[07:47:13 UTC] [WARNING] Duplicate widget skipped: block-2 | Context: {"widget_type":"block","existing_instance_id":"block-2","sidebar_id":"sidebar-1"}
[07:47:13 UTC] [INFO] Processing widget: block-3 | Context: {"widget_type":"block","instance_id":"3","sidebar_id":"sidebar-1"}
[07:47:13 UTC] [WARNING] Duplicate widget skipped: block-3 | Context: {"widget_type":"block","existing_instance_id":"block-3","sidebar_id":"sidebar-1"}
[07:47:13 UTC] [INFO] Processing widget: block-4 | Context: {"widget_type":"block","instance_id":"4","sidebar_id":"sidebar-1"}
[07:47:13 UTC] [WARNING] Duplicate widget skipped: block-4 | Context: {"widget_type":"block","existing_instance_id":"block-4","sidebar_id":"sidebar-1"}
[07:47:13 UTC] [INFO] Processing widget: block-5 | Context: {"widget_type":"block","instance_id":"5","sidebar_id":"sidebar-1"}
[07:47:13 UTC] [WARNING] Duplicate widget skipped: block-5 | Context: {"widget_type":"block","existing_instance_id":"block-5","sidebar_id":"sidebar-1"}
[07:47:13 UTC] [INFO] Processing widget: block-6 | Context: {"widget_type":"block","instance_id":"6","sidebar_id":"sidebar-1"}
[07:47:13 UTC] [WARNING] Duplicate widget skipped: block-6 | Context: {"widget_type":"block","existing_instance_id":"block-6","sidebar_id":"sidebar-1"}
[07:47:13 UTC] [INFO] Processing sidebar: footer-widget-1 | Context: {"sidebar_name":"Footer Builder Widget 1","widget_count":1,"availability":"available"}
[07:47:13 UTC] [INFO] Processing widget: block-19 | Context: {"widget_type":"block","instance_id":"19","sidebar_id":"footer-widget-1"}
[07:47:14 UTC] [INFO] Widget data formatted and saved: block | Context: {"widget_type":"block","instance_count":8,"update_result":true}
[07:47:14 UTC] [SUCCESS] Widget imported successfully: block-9 | Context: {"widget_type":"block","new_instance_id":"block-9","sidebar_id":"footer-widget-1","widget_title":"No Title"}
[07:47:14 UTC] [INFO] Widget import process completed | Context: {"total_sidebars_processed":2,"successful_imports":1,"warnings":5,"errors":0,"total_widgets_processed":6}
[07:47:14 UTC] [INFO] Retrieving current sidebars and widgets
[07:47:14 UTC] [INFO] Backing up old widgets data | Context: {"sidebars_count":9}
[07:47:14 UTC] [SUCCESS] Widgets import completed successfully
[07:47:14 UTC] [SUCCESS] Widget Imported!
[07:47:16 UTC] [INFO] ---

[07:47:16 UTC] [INFO] Starting page builder batch processing for Gutenberg
[07:47:16 UTC] [INFO] Gutenberg batch processing started
[07:47:16 UTC] [INFO] Gutenberg posts retrieved for processing | Context: {"post_count":10,"post_types":"page, post, wp_block, wp_template, wp_navigation, wp_template_part, wp_global_styles, sc_form, spectra-popup, sfwd-courses, sfwd-lessons, sfwd-topic, sfwd-quiz, sfwd-certificates, sfwd-assignment"}
[07:47:16 UTC] [INFO] Processing Gutenberg post | Context: {"post_id":355}
[07:47:16 UTC] [INFO] Updating post content (first pass) | Context: {"post_id":355}
[07:47:16 UTC] [INFO] Starting link extraction and replacement process
[07:47:16 UTC] [INFO] Links discovered in content | Context: {"total_links":0}
[07:47:16 UTC] [INFO] No links found in content, skipping replacement
[07:47:16 UTC] [INFO] Updating post content (second pass with link replacements) | Context: {"post_id":355}
[07:47:16 UTC] [SUCCESS] Successfully completed processing Gutenberg post | Context: {"post_id":355}
[07:47:16 UTC] [INFO] Processing Gutenberg post | Context: {"post_id":299}
[07:47:16 UTC] [INFO] Updating post content (first pass) | Context: {"post_id":299}
[07:47:17 UTC] [INFO] Starting link extraction and replacement process
[07:47:17 UTC] [INFO] Links discovered in content | Context: {"total_links":5}
[07:47:17 UTC] [INFO] Downloading images through ST_Image_Importer | Context: {"image_count":5}
[07:47:17 UTC] [INFO] Starting image import for URL: https://multipurpose43.ziptemplates.top/wp-content/uploads/2024/07/services-img.jpg
[07:47:17 UTC] [INFO] Image already exists in media library (ID: 345), skipping download
[07:47:17 UTC] [INFO] Starting image import for URL: https://multipurpose43.ziptemplates.top/wp-content/uploads/2024/07/services-01.jpg
[07:47:17 UTC] [INFO] Image already exists in media library (ID: 341), skipping download
[07:47:17 UTC] [INFO] Starting image import for URL: https://multipurpose43.ziptemplates.top/wp-content/uploads/2024/07/services-02.jpg
[07:47:17 UTC] [INFO] Image already exists in media library (ID: 342), skipping download
[07:47:17 UTC] [INFO] Starting image import for URL: https://multipurpose43.ziptemplates.top/wp-content/uploads/2024/07/services-03.jpg
[07:47:17 UTC] [INFO] Image already exists in media library (ID: 343), skipping download
[07:47:17 UTC] [INFO] Starting image import for URL: https://multipurpose43.ziptemplates.top/wp-content/uploads/2024/07/services-04.jpg
[07:47:17 UTC] [INFO] Image already exists in media library (ID: 344), skipping download
[07:47:17 UTC] [INFO] Starting link replacements in content | Context: {"replacements_count":5}
[07:47:17 UTC] [SUCCESS] Link replacement process completed | Context: {"total_replacements":5}
[07:47:17 UTC] [INFO] Updating post content (second pass with link replacements) | Context: {"post_id":299}
[07:47:17 UTC] [SUCCESS] Successfully completed processing Gutenberg post | Context: {"post_id":299}
[07:47:17 UTC] [INFO] Processing Gutenberg post | Context: {"post_id":300}
[07:47:17 UTC] [INFO] Updating post content (first pass) | Context: {"post_id":300}
[07:47:17 UTC] [INFO] Starting link extraction and replacement process
[07:47:17 UTC] [INFO] Links discovered in content | Context: {"total_links":0}
[07:47:17 UTC] [INFO] No links found in content, skipping replacement
[07:47:17 UTC] [INFO] Updating post content (second pass with link replacements) | Context: {"post_id":300}
[07:47:17 UTC] [SUCCESS] Successfully completed processing Gutenberg post | Context: {"post_id":300}
[07:47:17 UTC] [INFO] Processing Gutenberg post | Context: {"post_id":301}
[07:47:17 UTC] [INFO] Updating post content (first pass) | Context: {"post_id":301}
[07:47:17 UTC] [INFO] Starting link extraction and replacement process
[07:47:17 UTC] [INFO] Links discovered in content | Context: {"total_links":2}
[07:47:17 UTC] [INFO] Downloading images through ST_Image_Importer | Context: {"image_count":1}
[07:47:17 UTC] [INFO] Starting image import for URL: https://multipurpose43.ziptemplates.top/wp-content/uploads/2024/07/contact-img.jpg
[07:47:17 UTC] [INFO] Image already exists in media library (ID: 325), skipping download
[07:47:17 UTC] [INFO] Starting link replacements in content | Context: {"replacements_count":2}
[07:47:17 UTC] [SUCCESS] Link replacement process completed | Context: {"total_replacements":2}
[07:47:17 UTC] [INFO] Updating post content (second pass with link replacements) | Context: {"post_id":301}
[07:47:17 UTC] [SUCCESS] Successfully completed processing Gutenberg post | Context: {"post_id":301}
[07:47:17 UTC] [INFO] Processing Gutenberg post | Context: {"post_id":533}
[07:47:17 UTC] [INFO] Updating post content (first pass) | Context: {"post_id":533}
[07:47:17 UTC] [INFO] Starting link extraction and replacement process
[07:47:17 UTC] [INFO] Links discovered in content | Context: {"total_links":0}
[07:47:17 UTC] [INFO] No links found in content, skipping replacement
[07:47:17 UTC] [INFO] Updating post content (second pass with link replacements) | Context: {"post_id":533}
[07:47:17 UTC] [SUCCESS] Successfully completed processing Gutenberg post | Context: {"post_id":533}
[07:47:17 UTC] [INFO] Processing Gutenberg post | Context: {"post_id":244}
[07:47:17 UTC] [INFO] Updating post content (first pass) | Context: {"post_id":244}
[07:47:17 UTC] [INFO] Starting link extraction and replacement process
[07:47:17 UTC] [INFO] Links discovered in content | Context: {"total_links":0}
[07:47:17 UTC] [INFO] No links found in content, skipping replacement
[07:47:17 UTC] [INFO] Updating post content (second pass with link replacements) | Context: {"post_id":244}
[07:47:17 UTC] [SUCCESS] Successfully completed processing Gutenberg post | Context: {"post_id":244}
[07:47:17 UTC] [INFO] Processing Gutenberg post | Context: {"post_id":246}
[07:47:17 UTC] [INFO] Updating post content (first pass) | Context: {"post_id":246}
[07:47:17 UTC] [INFO] Starting link extraction and replacement process
[07:47:17 UTC] [INFO] Links discovered in content | Context: {"total_links":0}
[07:47:18 UTC] [INFO] No links found in content, skipping replacement
[07:47:18 UTC] [INFO] Updating post content (second pass with link replacements) | Context: {"post_id":246}
[07:47:18 UTC] [SUCCESS] Successfully completed processing Gutenberg post | Context: {"post_id":246}
[07:47:18 UTC] [INFO] Processing Gutenberg post | Context: {"post_id":247}
[07:47:18 UTC] [INFO] Updating post content (first pass) | Context: {"post_id":247}
[07:47:18 UTC] [INFO] Starting link extraction and replacement process
[07:47:18 UTC] [INFO] Links discovered in content | Context: {"total_links":0}
[07:47:18 UTC] [INFO] No links found in content, skipping replacement
[07:47:18 UTC] [INFO] Updating post content (second pass with link replacements) | Context: {"post_id":247}
[07:47:18 UTC] [SUCCESS] Successfully completed processing Gutenberg post | Context: {"post_id":247}
[07:47:18 UTC] [INFO] Processing Gutenberg post | Context: {"post_id":296}
[07:47:18 UTC] [INFO] Updating post content (first pass) | Context: {"post_id":296}
[07:47:18 UTC] [INFO] Starting link extraction and replacement process
[07:47:18 UTC] [INFO] Links discovered in content | Context: {"total_links":35}
[07:47:18 UTC] [INFO] Downloading images through ST_Image_Importer | Context: {"image_count":25}
[07:47:18 UTC] [INFO] Starting image import for URL: https://multipurpose43.ziptemplates.top/wp-content/uploads/2024/07/hero-img-01.jpg
[07:47:18 UTC] [INFO] Image already exists in media library (ID: 334), skipping download
[07:47:18 UTC] [INFO] Starting image import for URL: https://multipurpose43.ziptemplates.top/wp-content/uploads/2024/07/hero-img-02.jpg
[07:47:18 UTC] [INFO] Image already exists in media library (ID: 336), skipping download
[07:47:18 UTC] [INFO] Starting image import for URL: https://multipurpose43.ziptemplates.top/wp-content/uploads/2024/07/about-01.jpg
[07:47:18 UTC] [INFO] Image already exists in media library (ID: 320), skipping download
[07:47:18 UTC] [INFO] Starting image import for URL: https://multipurpose43.ziptemplates.top/wp-content/uploads/2024/09/author-skip-img.png
[07:47:18 UTC] [INFO] Image already exists in media library (ID: 507), skipping download
[07:47:18 UTC] [INFO] Starting image import for URL: https://multipurpose43.ziptemplates.top/wp-includes/images/media/default.svg
[07:47:18 UTC] [INFO] Downloading image from remote URL: https://multipurpose43.ziptemplates.top/wp-includes/images/media/default.svg
[07:47:19 UTC] [INFO] Successfully downloaded image, preparing to upload: default.svg
[07:47:19 UTC] [INFO] Image uploaded successfully: http://localhost/wordpress/wp-content/uploads/2026/04/default.svg
[07:47:19 UTC] [INFO] Attachment post created with ID: 545
[07:47:19 UTC] [INFO] Generating attachment metadata for attachment ID: 545
[07:47:19 UTC] [INFO] Attachment metadata generated and saved for attachment ID: 545
[07:47:19 UTC] [INFO] Image import completed successfully - ID: 545, URL: http://localhost/wordpress/wp-content/uploads/2026/04/default.svg
[07:47:19 UTC] [INFO] Starting image import for URL: https://multipurpose43.ziptemplates.top/wp-content/uploads/2024/09/author-skip-img-150x150.png
[07:47:19 UTC] [INFO] Image already exists in media library (ID: 507), skipping download
[07:47:19 UTC] [INFO] Starting image import for URL: https://multipurpose43.ziptemplates.top/wp-content/uploads/2026/01/services-01.jpg
[07:47:19 UTC] [INFO] Image already exists in media library (ID: 530), skipping download
[07:47:19 UTC] [INFO] Starting image import for URL: https://multipurpose43.ziptemplates.top/wp-content/uploads/2026/01/services-02.jpg
[07:47:19 UTC] [INFO] Image already exists in media library (ID: 531), skipping download
[07:47:19 UTC] [INFO] Starting image import for URL: https://multipurpose43.ziptemplates.top/wp-content/uploads/2026/01/services-03.jpg
[07:47:19 UTC] [INFO] Image already exists in media library (ID: 532), skipping download
[07:47:19 UTC] [INFO] Starting image import for URL: https://multipurpose43.ziptemplates.top/wp-content/uploads/2024/07/cta.jpg
[07:47:19 UTC] [INFO] Image already exists in media library (ID: 327), skipping download
[07:47:19 UTC] [INFO] Starting image import for URL: https://multipurpose43.ziptemplates.top/wp-content/uploads/2024/07/cta-150x150.jpg
[07:47:19 UTC] [INFO] Image already exists in media library (ID: 327), skipping download
[07:47:19 UTC] [INFO] Starting image import for URL: https://multipurpose43.ziptemplates.top/wp-content/uploads/2024/07/cta-300x93.jpg
[07:47:19 UTC] [INFO] Image already exists in media library (ID: 327), skipping download
[07:47:19 UTC] [INFO] Starting image import for URL: https://multipurpose43.ziptemplates.top/wp-content/uploads/2024/07/cta-1024x316.jpg
[07:47:19 UTC] [INFO] Image already exists in media library (ID: 327), skipping download
[07:47:19 UTC] [INFO] Starting image import for URL: https://multipurpose43.ziptemplates.top/wp-content/uploads/2024/07/why-choose-us.jpg
[07:47:19 UTC] [INFO] Image already exists in media library (ID: 349), skipping download
[07:47:19 UTC] [INFO] Starting image import for URL: https://multipurpose43.ziptemplates.top/wp-content/uploads/2024/07/testimonial-skip-01.jpg
[07:47:19 UTC] [INFO] Image already exists in media library (ID: 346), skipping download
[07:47:19 UTC] [INFO] Starting image import for URL: https://multipurpose43.ziptemplates.top/wp-content/uploads/2024/07/testimonial-skip-02.jpg
[07:47:19 UTC] [INFO] Image already exists in media library (ID: 347), skipping download
[07:47:19 UTC] [INFO] Starting image import for URL: https://multipurpose43.ziptemplates.top/wp-content/uploads/2024/07/testimonial-skip-02-150x150.jpg
[07:47:19 UTC] [INFO] Image already exists in media library (ID: 347), skipping download
[07:47:19 UTC] [INFO] Starting image import for URL: https://multipurpose43.ziptemplates.top/wp-content/uploads/2024/07/testimonial-skip-03.jpg
[07:47:19 UTC] [INFO] Image already exists in media library (ID: 348), skipping download
[07:47:20 UTC] [INFO] Starting image import for URL: https://multipurpose43.ziptemplates.top/wp-content/uploads/2024/07/testimonial-skip-03-150x150.jpg
[07:47:20 UTC] [INFO] Image already exists in media library (ID: 348), skipping download
[07:47:20 UTC] [INFO] Starting image import for URL: https://multipurpose43.ziptemplates.top/wp-content/uploads/2024/08/gallery-1.jpg
[07:47:20 UTC] [INFO] Image already exists in media library (ID: 463), skipping download
[07:47:20 UTC] [INFO] Starting image import for URL: https://multipurpose43.ziptemplates.top/wp-content/uploads/2024/08/gallery-2.jpg
[07:47:20 UTC] [INFO] Image already exists in media library (ID: 464), skipping download
[07:47:20 UTC] [INFO] Starting image import for URL: https://multipurpose43.ziptemplates.top/wp-content/uploads/2024/08/gallery-3.jpg
[07:47:20 UTC] [INFO] Image already exists in media library (ID: 465), skipping download
[07:47:20 UTC] [INFO] Starting image import for URL: https://multipurpose43.ziptemplates.top/wp-content/uploads/2024/08/gallery-4.jpg
[07:47:20 UTC] [INFO] Image already exists in media library (ID: 466), skipping download
[07:47:20 UTC] [INFO] Starting image import for URL: https://multipurpose43.ziptemplates.top/wp-content/uploads/2024/08/gallery-5.jpg
[07:47:20 UTC] [INFO] Image already exists in media library (ID: 467), skipping download
[07:47:20 UTC] [INFO] Starting image import for URL: https://multipurpose43.ziptemplates.top/wp-content/uploads/2024/08/gallery-6.jpg
[07:47:20 UTC] [INFO] Image already exists in media library (ID: 468), skipping download
[07:47:20 UTC] [INFO] Starting link replacements in content | Context: {"replacements_count":35}
[07:47:20 UTC] [SUCCESS] Link replacement process completed | Context: {"total_replacements":35}
[07:47:20 UTC] [INFO] Updating post content (second pass with link replacements) | Context: {"post_id":296}
[07:47:20 UTC] [SUCCESS] Successfully completed processing Gutenberg post | Context: {"post_id":296}
[07:47:20 UTC] [INFO] Processing Gutenberg post | Context: {"post_id":298}
[07:47:20 UTC] [INFO] Updating post content (first pass) | Context: {"post_id":298}
[07:47:20 UTC] [INFO] Starting link extraction and replacement process
[07:47:20 UTC] [INFO] Links discovered in content | Context: {"total_links":14}
[07:47:20 UTC] [INFO] Downloading images through ST_Image_Importer | Context: {"image_count":11}
[07:47:20 UTC] [INFO] Starting image import for URL: https://multipurpose43.ziptemplates.top/wp-content/uploads/2024/07/about-img.jpg
[07:47:20 UTC] [INFO] Image already exists in media library (ID: 323), skipping download
[07:47:20 UTC] [INFO] Starting image import for URL: https://multipurpose43.ziptemplates.top/wp-content/uploads/2024/07/our-experience-1024x384.jpg
[07:47:20 UTC] [INFO] Image already exists in media library (ID: 339), skipping download
[07:47:20 UTC] [INFO] Starting image import for URL: https://multipurpose43.ziptemplates.top/wp-content/uploads/2024/07/our-experience.jpg
[07:47:20 UTC] [INFO] Image already exists in media library (ID: 339), skipping download
[07:47:20 UTC] [INFO] Starting image import for URL: https://multipurpose43.ziptemplates.top/wp-content/uploads/2024/07/about-02.jpg
[07:47:20 UTC] [INFO] Image already exists in media library (ID: 321), skipping download
[07:47:20 UTC] [INFO] Starting image import for URL: https://multipurpose43.ziptemplates.top/wp-content/uploads/2024/07/customer-care.jpg
[07:47:20 UTC] [INFO] Image already exists in media library (ID: 329), skipping download
[07:47:20 UTC] [INFO] Starting image import for URL: https://multipurpose43.ziptemplates.top/wp-includes/images/media/default.svg
[07:47:20 UTC] [INFO] Image already exists in media library (ID: 545), skipping download
[07:47:20 UTC] [INFO] Starting image import for URL: https://multipurpose43.ziptemplates.top/wp-content/uploads/2024/07/customer-care-150x150.jpg
[07:47:20 UTC] [INFO] Image already exists in media library (ID: 329), skipping download
[07:47:20 UTC] [INFO] Starting image import for URL: https://multipurpose43.ziptemplates.top/wp-content/uploads/2024/07/customer-care-300x125.jpg
[07:47:20 UTC] [INFO] Image already exists in media library (ID: 329), skipping download
[07:47:20 UTC] [INFO] Starting image import for URL: https://multipurpose43.ziptemplates.top/wp-content/uploads/2024/07/customer-care-1024x427.jpg
[07:47:20 UTC] [INFO] Image already exists in media library (ID: 329), skipping download
[07:47:20 UTC] [INFO] Starting image import for URL: https://multipurpose43.ziptemplates.top/wp-content/uploads/2024/08/ours-journey-1024x427.jpg
[07:47:20 UTC] [INFO] Image already exists in media library (ID: 481), skipping download
[07:47:20 UTC] [INFO] Starting image import for URL: https://multipurpose43.ziptemplates.top/wp-content/uploads/2024/08/ours-journey.jpg
[07:47:20 UTC] [INFO] Image already exists in media library (ID: 481), skipping download
[07:47:20 UTC] [INFO] Starting link replacements in content | Context: {"replacements_count":14}
[07:47:20 UTC] [SUCCESS] Link replacement process completed | Context: {"total_replacements":14}
[07:47:20 UTC] [INFO] Updating post content (second pass with link replacements) | Context: {"post_id":298}
[07:47:20 UTC] [SUCCESS] Successfully completed processing Gutenberg post | Context: {"post_id":298}
[07:47:20 UTC] [SUCCESS] Gutenberg batch processing completed successfully | Context: {"posts_processed":10}
[07:47:20 UTC] [SUCCESS] Gutenberg batch completed.
[07:47:24 UTC] [INFO] ---

[07:47:24 UTC] [INFO] Starting image replacement batch processing
[07:47:24 UTC] [INFO] Misc batch processing started
[07:47:24 UTC] [INFO] Starting image replacement process
[07:47:24 UTC] [INFO] Replacing images in pages
[07:47:24 UTC] [INFO] Starting page image replacement
[07:47:24 UTC] [INFO] ST_Replace_Blocks_Images instance created
[07:47:24 UTC] [INFO] Processing pages | Context: {"pages_count":5,"plugin_type":"blocks"}
[07:47:24 UTC] [INFO] Starting parse_replace_images for post ID: 296
[07:47:24 UTC] [INFO] Parsed 15 blocks from post content
[07:47:24 UTC] [INFO] Processing 15 blocks for updates
[07:47:24 UTC] [INFO] Processing block #0 - Block type: uagb/container
[07:47:24 UTC] [INFO] Checking block for image replacement: uagb/container
[07:47:24 UTC] [INFO] Starting parse_spectra_container
[07:47:24 UTC] [INFO] No background image or skipable image, returning block unchanged
[07:47:24 UTC] [INFO] Processing 2 inner blocks for block #0
[07:47:24 UTC] [INFO] Processing 2 blocks for updates
[07:47:24 UTC] [INFO] Processing block #0 - Block type: uagb/advanced-heading
[07:47:24 UTC] [INFO] Checking block for image replacement: uagb/advanced-heading
[07:47:24 UTC] [INFO] Processing block #1 - Block type: uagb/container
[07:47:24 UTC] [INFO] Checking block for image replacement: uagb/container
[07:47:24 UTC] [INFO] Starting parse_spectra_container
[07:47:24 UTC] [INFO] No background image or skipable image, returning block unchanged
[07:47:24 UTC] [INFO] Processing 3 inner blocks for block #1
[07:47:24 UTC] [INFO] Processing 3 blocks for updates
[07:47:24 UTC] [INFO] Processing block #0 - Block type: uagb/info-box
[07:47:24 UTC] [INFO] Checking block for image replacement: uagb/info-box
[07:47:24 UTC] [INFO] Starting parse_spectra_infobox
[07:47:24 UTC] [INFO] No icon image or skipable image, returning block unchanged
[07:47:24 UTC] [INFO] Processing block #1 - Block type: uagb/image
[07:47:24 UTC] [INFO] Checking block for image replacement: uagb/image
[07:47:24 UTC] [INFO] Starting parse_spectra_image
[07:47:24 UTC] [INFO] Found image to replace: http://localhost/wordpress/wp-content/uploads/2024/07/hero-img-01.jpg
[07:47:24 UTC] [INFO] Retrieved replacement image from index: 0
[07:47:24 UTC] [INFO] Successfully downloaded image with ID: 76
[07:47:24 UTC] [INFO] Replaced image URL in innerHTML
[07:47:24 UTC] [INFO] Updated alt text to: Top view of a traditional Indian meal with roti, rice, dal, and papad.
[07:47:24 UTC] [INFO] Updated tablet image URL: http://localhost/wordpress/wp-content/uploads/2026/04/pexels-photo-7351635.jpeg
[07:47:24 UTC] [INFO] Updated mobile image URL: http://localhost/wordpress/wp-content/uploads/2026/04/pexels-photo-7351635.jpeg
[07:47:24 UTC] [INFO] Updated image ID from 334 to 76
[07:47:24 UTC] [INFO] Replaced image URL in 1 inner content items
[07:47:24 UTC] [INFO] Successfully replaced Spectra image - Old: http://localhost/wordpress/wp-content/uploads/2024/07/hero-img-01.jpg, New: http://localhost/wordpress/wp-content/uploads/2026/04/pexels-photo-7351635.jpeg
[07:47:24 UTC] [INFO] Processing block #2 - Block type: uagb/image
[07:47:24 UTC] [INFO] Checking block for image replacement: uagb/image
[07:47:24 UTC] [INFO] Starting parse_spectra_image
[07:47:24 UTC] [INFO] Found image to replace: http://localhost/wordpress/wp-content/uploads/2024/07/hero-img-02.jpg
[07:47:24 UTC] [INFO] Retrieved replacement image from index: 1
[07:47:24 UTC] [INFO] Successfully downloaded image with ID: 77
[07:47:24 UTC] [INFO] Replaced image URL in innerHTML
[07:47:24 UTC] [INFO] Updated alt text to: Delicious spicy lamb curry garnished with fresh herbs in a brass pot, exemplifying authentic Indian cuisine.
[07:47:24 UTC] [INFO] Updated tablet image URL: http://localhost/wordpress/wp-content/uploads/2026/04/pexels-photo-28674566.jpeg
[07:47:24 UTC] [INFO] Updated mobile image URL: http://localhost/wordpress/wp-content/uploads/2026/04/pexels-photo-28674566.jpeg
[07:47:24 UTC] [INFO] Updated image ID from 335 to 77
[07:47:24 UTC] [INFO] Replaced image URL in 1 inner content items
[07:47:24 UTC] [INFO] Successfully replaced Spectra image - Old: http://localhost/wordpress/wp-content/uploads/2024/07/hero-img-02.jpg, New: http://localhost/wordpress/wp-content/uploads/2026/04/pexels-photo-28674566.jpeg
[07:47:24 UTC] [INFO] Completed get_updated_blocks - Processed: 3, Skipped: 0
[07:47:24 UTC] [INFO] Completed get_updated_blocks - Processed: 2, Skipped: 0
[07:47:24 UTC] [INFO] Processing block #1 - Block type: 
[07:47:24 UTC] [INFO] Checking block for image replacement: 
[07:47:24 UTC] [INFO] Processing block #2 - Block type: uagb/container
[07:47:24 UTC] [INFO] Checking block for image replacement: uagb/container
[07:47:24 UTC] [INFO] Starting parse_spectra_container
[07:47:24 UTC] [INFO] No background image or skipable image, returning block unchanged
[07:47:24 UTC] [INFO] Processing 2 inner blocks for block #2
[07:47:24 UTC] [INFO] Processing 2 blocks for updates
[07:47:24 UTC] [INFO] Processing block #0 - Block type: uagb/container
[07:47:24 UTC] [INFO] Checking block for image replacement: uagb/container
[07:47:24 UTC] [INFO] Starting parse_spectra_container
[07:47:24 UTC] [INFO] No background image or skipable image, returning block unchanged
[07:47:25 UTC] [INFO] Processing 3 inner blocks for block #0
[07:47:25 UTC] [INFO] Processing 3 blocks for updates
[07:47:25 UTC] [INFO] Processing block #0 - Block type: uagb/counter
[07:47:25 UTC] [INFO] Checking block for image replacement: uagb/counter
[07:47:25 UTC] [INFO] Processing block #1 - Block type: uagb/counter
[07:47:25 UTC] [INFO] Checking block for image replacement: uagb/counter
[07:47:25 UTC] [INFO] Processing block #2 - Block type: uagb/counter
[07:47:25 UTC] [INFO] Checking block for image replacement: uagb/counter
[07:47:25 UTC] [INFO] Completed get_updated_blocks - Processed: 3, Skipped: 0
[07:47:25 UTC] [INFO] Processing block #1 - Block type: uagb/advanced-heading
[07:47:25 UTC] [INFO] Checking block for image replacement: uagb/advanced-heading
[07:47:25 UTC] [INFO] Completed get_updated_blocks - Processed: 2, Skipped: 0
[07:47:25 UTC] [INFO] Processing block #3 - Block type: 
[07:47:25 UTC] [INFO] Checking block for image replacement: 
[07:47:25 UTC] [INFO] Processing block #4 - Block type: uagb/container
[07:47:25 UTC] [INFO] Checking block for image replacement: uagb/container
[07:47:25 UTC] [INFO] Starting parse_spectra_container
[07:47:25 UTC] [INFO] No background image or skipable image, returning block unchanged
[07:47:25 UTC] [INFO] Processing 2 inner blocks for block #4
[07:47:25 UTC] [INFO] Processing 2 blocks for updates
[07:47:25 UTC] [INFO] Processing block #0 - Block type: uagb/image
[07:47:25 UTC] [INFO] Checking block for image replacement: uagb/image
[07:47:25 UTC] [INFO] Starting parse_spectra_image
[07:47:25 UTC] [INFO] Found image to replace: http://localhost/wordpress/wp-content/uploads/2024/07/about-01.jpg
[07:47:25 UTC] [INFO] Retrieved replacement image from index: 2
[07:47:25 UTC] [INFO] Successfully downloaded image with ID: 78
[07:47:25 UTC] [INFO] Replaced image URL in innerHTML
[07:47:25 UTC] [INFO] Updated alt text to: Close-up of traditional Indian dahi vada garnished with yogurt, herbs, and spices.
[07:47:25 UTC] [INFO] Updated tablet image URL: http://localhost/wordpress/wp-content/uploads/2026/04/pexels-photo-2569760.jpeg
[07:47:25 UTC] [INFO] Updated mobile image URL: http://localhost/wordpress/wp-content/uploads/2026/04/pexels-photo-2569760.jpeg
[07:47:25 UTC] [INFO] Updated image ID from 320 to 78
[07:47:25 UTC] [INFO] Replaced image URL in 1 inner content items
[07:47:25 UTC] [INFO] Successfully replaced Spectra image - Old: http://localhost/wordpress/wp-content/uploads/2024/07/about-01.jpg, New: http://localhost/wordpress/wp-content/uploads/2026/04/pexels-photo-2569760.jpeg
[07:47:25 UTC] [INFO] Processing block #1 - Block type: uagb/container
[07:47:25 UTC] [INFO] Checking block for image replacement: uagb/container
[07:47:25 UTC] [INFO] Starting parse_spectra_container
[07:47:25 UTC] [INFO] No background image or skipable image, returning block unchanged
[07:47:25 UTC] [INFO] Processing 3 inner blocks for block #1
[07:47:25 UTC] [INFO] Processing 3 blocks for updates
[07:47:25 UTC] [INFO] Processing block #0 - Block type: uagb/info-box
[07:47:25 UTC] [INFO] Checking block for image replacement: uagb/info-box
[07:47:25 UTC] [INFO] Starting parse_spectra_infobox
[07:47:25 UTC] [INFO] No icon image or skipable image, returning block unchanged
[07:47:25 UTC] [INFO] Processing block #1 - Block type: uagb/separator
[07:47:25 UTC] [INFO] Checking block for image replacement: uagb/separator
[07:47:25 UTC] [INFO] Processing block #2 - Block type: uagb/info-box
[07:47:25 UTC] [INFO] Checking block for image replacement: uagb/info-box
[07:47:25 UTC] [INFO] Starting parse_spectra_infobox
[07:47:25 UTC] [INFO] No icon image or skipable image, returning block unchanged
[07:47:25 UTC] [INFO] Completed get_updated_blocks - Processed: 3, Skipped: 0
[07:47:25 UTC] [INFO] Completed get_updated_blocks - Processed: 2, Skipped: 0
[07:47:25 UTC] [INFO] Processing block #5 - Block type: 
[07:47:25 UTC] [INFO] Checking block for image replacement: 
[07:47:25 UTC] [INFO] Processing block #6 - Block type: uagb/container
[07:47:25 UTC] [INFO] Checking block for image replacement: uagb/container
[07:47:25 UTC] [INFO] Starting parse_spectra_container
[07:47:25 UTC] [INFO] No background image or skipable image, returning block unchanged
[07:47:25 UTC] [INFO] Processing 2 inner blocks for block #6
[07:47:25 UTC] [INFO] Processing 2 blocks for updates
[07:47:25 UTC] [INFO] Processing block #0 - Block type: uagb/advanced-heading
[07:47:25 UTC] [INFO] Checking block for image replacement: uagb/advanced-heading
[07:47:25 UTC] [INFO] Processing block #1 - Block type: uagb/container
[07:47:25 UTC] [INFO] Checking block for image replacement: uagb/container
[07:47:25 UTC] [INFO] Starting parse_spectra_container
[07:47:25 UTC] [INFO] No background image or skipable image, returning block unchanged
[07:47:25 UTC] [INFO] Processing 3 inner blocks for block #1
[07:47:25 UTC] [INFO] Processing 3 blocks for updates
[07:47:25 UTC] [INFO] Processing block #0 - Block type: uagb/container
[07:47:25 UTC] [INFO] Checking block for image replacement: uagb/container
[07:47:25 UTC] [INFO] Starting parse_spectra_container
[07:47:25 UTC] [INFO] No background image or skipable image, returning block unchanged
[07:47:25 UTC] [INFO] Processing 2 inner blocks for block #0
[07:47:25 UTC] [INFO] Processing 2 blocks for updates
[07:47:25 UTC] [INFO] Processing block #0 - Block type: uagb/container
[07:47:25 UTC] [INFO] Checking block for image replacement: uagb/container
[07:47:25 UTC] [INFO] Starting parse_spectra_container
[07:47:25 UTC] [INFO] No background image or skipable image, returning block unchanged
[07:47:25 UTC] [INFO] Processing 3 inner blocks for block #0
[07:47:25 UTC] [INFO] Processing 3 blocks for updates
[07:47:25 UTC] [INFO] Processing block #0 - Block type: uagb/advanced-heading
[07:47:25 UTC] [INFO] Checking block for image replacement: uagb/advanced-heading
[07:47:25 UTC] [INFO] Processing block #1 - Block type: uagb/advanced-heading
[07:47:25 UTC] [INFO] Checking block for image replacement: uagb/advanced-heading
[07:47:25 UTC] [INFO] Processing block #2 - Block type: uagb/buttons
[07:47:25 UTC] [INFO] Checking block for image replacement: uagb/buttons
[07:47:25 UTC] [INFO] Processing 1 inner blocks for block #2
[07:47:25 UTC] [INFO] Processing 1 blocks for updates
[07:47:25 UTC] [INFO] Processing block #0 - Block type: uagb/buttons-child
[07:47:25 UTC] [INFO] Checking block for image replacement: uagb/buttons-child
[07:47:25 UTC] [INFO] Completed get_updated_blocks - Processed: 1, Skipped: 0
[07:47:25 UTC] [INFO] Completed get_updated_blocks - Processed: 3, Skipped: 0
[07:47:26 UTC] [INFO] Processing block #1 - Block type: uagb/image
[07:47:26 UTC] [INFO] Checking block for image replacement: uagb/image
[07:47:26 UTC] [INFO] Starting parse_spectra_image
[07:47:26 UTC] [INFO] Found image to replace: http://localhost/wordpress/wp-content/uploads/2026/01/services-01.jpg
[07:47:26 UTC] [INFO] Retrieved replacement image from index: 3
[07:47:26 UTC] [INFO] Successfully downloaded image with ID: 79
[07:47:26 UTC] [INFO] Replaced image URL in innerHTML
[07:47:26 UTC] [INFO] Updated alt text to: Flavorful chicken biryani served with spicy curry, a traditional Indian dish.
[07:47:26 UTC] [INFO] Updated tablet image URL: http://localhost/wordpress/wp-content/uploads/2026/04/pexels-photo-28674660.jpeg
[07:47:26 UTC] [INFO] Updated mobile image URL: http://localhost/wordpress/wp-content/uploads/2026/04/pexels-photo-28674660.jpeg
[07:47:26 UTC] [INFO] Updated image ID from 530 to 79
[07:47:26 UTC] [INFO] Replaced image URL in 1 inner content items
[07:47:26 UTC] [INFO] Successfully replaced Spectra image - Old: http://localhost/wordpress/wp-content/uploads/2026/01/services-01.jpg, New: http://localhost/wordpress/wp-content/uploads/2026/04/pexels-photo-28674660.jpeg
[07:47:26 UTC] [INFO] Completed get_updated_blocks - Processed: 2, Skipped: 0
[07:47:26 UTC] [INFO] Processing block #1 - Block type: uagb/container
[07:47:26 UTC] [INFO] Checking block for image replacement: uagb/container
[07:47:26 UTC] [INFO] Starting parse_spectra_container
[07:47:26 UTC] [INFO] No background image or skipable image, returning block unchanged
[07:47:26 UTC] [INFO] Processing 2 inner blocks for block #1
[07:47:26 UTC] [INFO] Processing 2 blocks for updates
[07:47:26 UTC] [INFO] Processing block #0 - Block type: uagb/container
[07:47:26 UTC] [INFO] Checking block for image replacement: uagb/container
[07:47:26 UTC] [INFO] Starting parse_spectra_container
[07:47:26 UTC] [INFO] No background image or skipable image, returning block unchanged
[07:47:26 UTC] [INFO] Processing 3 inner blocks for block #0
[07:47:26 UTC] [INFO] Processing 3 blocks for updates
[07:47:26 UTC] [INFO] Processing block #0 - Block type: uagb/advanced-heading
[07:47:26 UTC] [INFO] Checking block for image replacement: uagb/advanced-heading
[07:47:26 UTC] [INFO] Processing block #1 - Block type: uagb/advanced-heading
[07:47:26 UTC] [INFO] Checking block for image replacement: uagb/advanced-heading
[07:47:26 UTC] [INFO] Processing block #2 - Block type: uagb/buttons
[07:47:26 UTC] [INFO] Checking block for image replacement: uagb/buttons
[07:47:26 UTC] [INFO] Processing 1 inner blocks for block #2
[07:47:26 UTC] [INFO] Processing 1 blocks for updates
[07:47:26 UTC] [INFO] Processing block #0 - Block type: uagb/buttons-child
[07:47:26 UTC] [INFO] Checking block for image replacement: uagb/buttons-child
[07:47:26 UTC] [INFO] Completed get_updated_blocks - Processed: 1, Skipped: 0
[07:47:26 UTC] [INFO] Completed get_updated_blocks - Processed: 3, Skipped: 0
[07:47:26 UTC] [INFO] Processing block #1 - Block type: uagb/image
[07:47:26 UTC] [INFO] Checking block for image replacement: uagb/image
[07:47:26 UTC] [INFO] Starting parse_spectra_image
[07:47:26 UTC] [INFO] Found image to replace: http://localhost/wordpress/wp-content/uploads/2026/01/services-02.jpg
[07:47:26 UTC] [INFO] Retrieved replacement image from index: 4
[07:47:26 UTC] [INFO] Successfully downloaded image with ID: 80
[07:47:26 UTC] [INFO] Replaced image URL in innerHTML
[07:47:26 UTC] [INFO] Updated alt text to: Delicious Indian food spread featuring vibrant tandoori chicken and aromatic curries.
[07:47:26 UTC] [INFO] Updated tablet image URL: http://localhost/wordpress/wp-content/uploads/2026/04/pexels-photo-9792458.jpeg
[07:47:26 UTC] [INFO] Updated mobile image URL: http://localhost/wordpress/wp-content/uploads/2026/04/pexels-photo-9792458.jpeg
[07:47:26 UTC] [INFO] Updated image ID from 531 to 80
[07:47:26 UTC] [INFO] Replaced image URL in 1 inner content items
[07:47:26 UTC] [INFO] Successfully replaced Spectra image - Old: http://localhost/wordpress/wp-content/uploads/2026/01/services-02.jpg, New: http://localhost/wordpress/wp-content/uploads/2026/04/pexels-photo-9792458.jpeg
[07:47:26 UTC] [INFO] Completed get_updated_blocks - Processed: 2, Skipped: 0
[07:47:26 UTC] [INFO] Processing block #2 - Block type: uagb/container
[07:47:26 UTC] [INFO] Checking block for image replacement: uagb/container
[07:47:26 UTC] [INFO] Starting parse_spectra_container
[07:47:26 UTC] [INFO] No background image or skipable image, returning block unchanged
[07:47:26 UTC] [INFO] Processing 2 inner blocks for block #2
[07:47:26 UTC] [INFO] Processing 2 blocks for updates
[07:47:26 UTC] [INFO] Processing block #0 - Block type: uagb/container
[07:47:26 UTC] [INFO] Checking block for image replacement: uagb/container
[07:47:26 UTC] [INFO] Starting parse_spectra_container
[07:47:26 UTC] [INFO] No background image or skipable image, returning block unchanged
[07:47:26 UTC] [INFO] Processing 3 inner blocks for block #0
[07:47:26 UTC] [INFO] Processing 3 blocks for updates
[07:47:26 UTC] [INFO] Processing block #0 - Block type: uagb/advanced-heading
[07:47:26 UTC] [INFO] Checking block for image replacement: uagb/advanced-heading
[07:47:26 UTC] [INFO] Processing block #1 - Block type: uagb/advanced-heading
[07:47:26 UTC] [INFO] Checking block for image replacement: uagb/advanced-heading
[07:47:26 UTC] [INFO] Processing block #2 - Block type: uagb/buttons
[07:47:26 UTC] [INFO] Checking block for image replacement: uagb/buttons
[07:47:26 UTC] [INFO] Processing 1 inner blocks for block #2
[07:47:26 UTC] [INFO] Processing 1 blocks for updates
[07:47:26 UTC] [INFO] Processing block #0 - Block type: uagb/buttons-child
[07:47:26 UTC] [INFO] Checking block for image replacement: uagb/buttons-child
[07:47:26 UTC] [INFO] Completed get_updated_blocks - Processed: 1, Skipped: 0
[07:47:26 UTC] [INFO] Completed get_updated_blocks - Processed: 3, Skipped: 0
[07:47:26 UTC] [INFO] Processing block #1 - Block type: uagb/image
[07:47:26 UTC] [INFO] Checking block for image replacement: uagb/image
[07:47:26 UTC] [INFO] Starting parse_spectra_image
[07:47:26 UTC] [INFO] Found image to replace: http://localhost/wordpress/wp-content/uploads/2026/01/services-03.jpg
[07:47:26 UTC] [INFO] Retrieved replacement image from index: 5
[07:47:26 UTC] [INFO] Successfully downloaded image with ID: 81
[07:47:26 UTC] [INFO] Replaced image URL in innerHTML
[07:47:26 UTC] [INFO] Updated alt text to: An array of authentic Indian dishes featuring curries, naan, and biryani, showcasing vibrant flavors and spices.
[07:47:26 UTC] [INFO] Updated tablet image URL: http://localhost/wordpress/wp-content/uploads/2026/04/pexels-photo-29850004.jpeg
[07:47:26 UTC] [INFO] Updated mobile image URL: http://localhost/wordpress/wp-content/uploads/2026/04/pexels-photo-29850004.jpeg
[07:47:26 UTC] [INFO] Updated image ID from 532 to 81
[07:47:26 UTC] [INFO] Replaced image URL in 1 inner content items
[07:47:26 UTC] [INFO] Successfully replaced Spectra image - Old: http://localhost/wordpress/wp-content/uploads/2026/01/services-03.jpg, New: http://localhost/wordpress/wp-content/uploads/2026/04/pexels-photo-29850004.jpeg
[07:47:26 UTC] [INFO] Completed get_updated_blocks - Processed: 2, Skipped: 0
[07:47:26 UTC] [INFO] Completed get_updated_blocks - Processed: 3, Skipped: 0
[07:47:26 UTC] [INFO] Completed get_updated_blocks - Processed: 2, Skipped: 0
[07:47:26 UTC] [INFO] Processing block #7 - Block type: 
[07:47:27 UTC] [INFO] Checking block for image replacement: 
[07:47:27 UTC] [INFO] Processing block #8 - Block type: uagb/container
[07:47:27 UTC] [INFO] Checking block for image replacement: uagb/container
[07:47:27 UTC] [INFO] Starting parse_spectra_container
[07:47:27 UTC] [INFO] Found background image to replace: http://localhost/wordpress/wp-content/uploads/2024/07/cta.jpg
[07:47:27 UTC] [INFO] Retrieved replacement image from index: 6
[07:47:27 UTC] [INFO] Successfully downloaded image with ID: 82
[07:47:27 UTC] [INFO] Successfully replaced container background image - Old: http://localhost/wordpress/wp-content/uploads/2024/07/cta.jpg, New: http://localhost/wordpress/wp-content/uploads/2026/04/pexels-photo-36388454.jpeg
[07:47:27 UTC] [INFO] Processing 2 inner blocks for block #8
[07:47:27 UTC] [INFO] Processing 2 blocks for updates
[07:47:27 UTC] [INFO] Processing block #0 - Block type: uagb/advanced-heading
[07:47:27 UTC] [INFO] Checking block for image replacement: uagb/advanced-heading
[07:47:27 UTC] [INFO] Processing block #1 - Block type: uagb/info-box
[07:47:27 UTC] [INFO] Checking block for image replacement: uagb/info-box
[07:47:27 UTC] [INFO] Starting parse_spectra_infobox
[07:47:27 UTC] [INFO] No icon image or skipable image, returning block unchanged
[07:47:27 UTC] [INFO] Completed get_updated_blocks - Processed: 2, Skipped: 0
[07:47:27 UTC] [INFO] Processing block #9 - Block type: 
[07:47:27 UTC] [INFO] Checking block for image replacement: 
[07:47:27 UTC] [INFO] Processing block #10 - Block type: uagb/container
[07:47:27 UTC] [INFO] Checking block for image replacement: uagb/container
[07:47:27 UTC] [INFO] Starting parse_spectra_container
[07:47:27 UTC] [INFO] No background image or skipable image, returning block unchanged
[07:47:27 UTC] [INFO] Processing 2 inner blocks for block #10
[07:47:27 UTC] [INFO] Processing 2 blocks for updates
[07:47:27 UTC] [INFO] Processing block #0 - Block type: uagb/container
[07:47:27 UTC] [INFO] Checking block for image replacement: uagb/container
[07:47:27 UTC] [INFO] Starting parse_spectra_container
[07:47:27 UTC] [INFO] No background image or skipable image, returning block unchanged
[07:47:27 UTC] [INFO] Processing 4 inner blocks for block #0
[07:47:27 UTC] [INFO] Processing 4 blocks for updates
[07:47:27 UTC] [INFO] Processing block #0 - Block type: uagb/advanced-heading
[07:47:27 UTC] [INFO] Checking block for image replacement: uagb/advanced-heading
[07:47:27 UTC] [INFO] Processing block #1 - Block type: uagb/container
[07:47:27 UTC] [INFO] Checking block for image replacement: uagb/container
[07:47:27 UTC] [INFO] Starting parse_spectra_container
[07:47:27 UTC] [INFO] No background image or skipable image, returning block unchanged
[07:47:27 UTC] [INFO] Processing 2 inner blocks for block #1
[07:47:27 UTC] [INFO] Processing 2 blocks for updates
[07:47:27 UTC] [INFO] Processing block #0 - Block type: uagb/advanced-heading
[07:47:27 UTC] [INFO] Checking block for image replacement: uagb/advanced-heading
[07:47:27 UTC] [INFO] Processing block #1 - Block type: uagb/advanced-heading
[07:47:27 UTC] [INFO] Checking block for image replacement: uagb/advanced-heading
[07:47:27 UTC] [INFO] Completed get_updated_blocks - Processed: 2, Skipped: 0
[07:47:27 UTC] [INFO] Processing block #2 - Block type: uagb/container
[07:47:27 UTC] [INFO] Checking block for image replacement: uagb/container
[07:47:27 UTC] [INFO] Starting parse_spectra_container
[07:47:27 UTC] [INFO] No background image or skipable image, returning block unchanged
[07:47:27 UTC] [INFO] Processing 2 inner blocks for block #2
[07:47:27 UTC] [INFO] Processing 2 blocks for updates
[07:47:27 UTC] [INFO] Processing block #0 - Block type: uagb/advanced-heading
[07:47:27 UTC] [INFO] Checking block for image replacement: uagb/advanced-heading
[07:47:27 UTC] [INFO] Processing block #1 - Block type: uagb/advanced-heading
[07:47:27 UTC] [INFO] Checking block for image replacement: uagb/advanced-heading
[07:47:27 UTC] [INFO] Completed get_updated_blocks - Processed: 2, Skipped: 0
[07:47:27 UTC] [INFO] Processing block #3 - Block type: uagb/container
[07:47:27 UTC] [INFO] Checking block for image replacement: uagb/container
[07:47:27 UTC] [INFO] Starting parse_spectra_container
[07:47:27 UTC] [INFO] No background image or skipable image, returning block unchanged
[07:47:27 UTC] [INFO] Processing 2 inner blocks for block #3
[07:47:27 UTC] [INFO] Processing 2 blocks for updates
[07:47:27 UTC] [INFO] Processing block #0 - Block type: uagb/advanced-heading
[07:47:27 UTC] [INFO] Checking block for image replacement: uagb/advanced-heading
[07:47:27 UTC] [INFO] Processing block #1 - Block type: uagb/advanced-heading
[07:47:27 UTC] [INFO] Checking block for image replacement: uagb/advanced-heading
[07:47:27 UTC] [INFO] Completed get_updated_blocks - Processed: 2, Skipped: 0
[07:47:27 UTC] [INFO] Completed get_updated_blocks - Processed: 4, Skipped: 0
[07:47:27 UTC] [INFO] Processing block #1 - Block type: uagb/image
[07:47:27 UTC] [INFO] Checking block for image replacement: uagb/image
[07:47:27 UTC] [INFO] Starting parse_spectra_image
[07:47:27 UTC] [INFO] Found image to replace: http://localhost/wordpress/wp-content/uploads/2024/07/why-choose-us.jpg
[07:47:27 UTC] [INFO] Retrieved replacement image from index: 7
[07:47:27 UTC] [INFO] Successfully downloaded image with ID: 83
[07:47:27 UTC] [INFO] Replaced image URL in innerHTML
[07:47:27 UTC] [INFO] Updated alt text to: Delicious Indian appetizer served with sliced onions and tomatoes, ideal for creative food photography.
[07:47:27 UTC] [INFO] Updated tablet image URL: http://localhost/wordpress/wp-content/uploads/2026/04/pexels-photo-34217291.jpeg
[07:47:27 UTC] [INFO] Updated mobile image URL: http://localhost/wordpress/wp-content/uploads/2026/04/pexels-photo-34217291.jpeg
[07:47:27 UTC] [INFO] Updated image ID from 349 to 83
[07:47:27 UTC] [INFO] Replaced image URL in 1 inner content items
[07:47:27 UTC] [INFO] Successfully replaced Spectra image - Old: http://localhost/wordpress/wp-content/uploads/2024/07/why-choose-us.jpg, New: http://localhost/wordpress/wp-content/uploads/2026/04/pexels-photo-34217291.jpeg
[07:47:27 UTC] [INFO] Completed get_updated_blocks - Processed: 2, Skipped: 0
[07:47:27 UTC] [INFO] Processing block #11 - Block type: 
[07:47:27 UTC] [INFO] Checking block for image replacement: 
[07:47:27 UTC] [INFO] Processing block #12 - Block type: uagb/container
[07:47:27 UTC] [INFO] Checking block for image replacement: uagb/container
[07:47:27 UTC] [INFO] Starting parse_spectra_container
[07:47:27 UTC] [INFO] No background image or skipable image, returning block unchanged
[07:47:27 UTC] [INFO] Processing 2 inner blocks for block #12
[07:47:27 UTC] [INFO] Processing 2 blocks for updates
[07:47:27 UTC] [INFO] Processing block #0 - Block type: uagb/container
[07:47:27 UTC] [INFO] Checking block for image replacement: uagb/container
[07:47:27 UTC] [INFO] Starting parse_spectra_container
[07:47:27 UTC] [INFO] No background image or skipable image, returning block unchanged
[07:47:27 UTC] [INFO] Processing 2 inner blocks for block #0
[07:47:27 UTC] [INFO] Processing 2 blocks for updates
[07:47:27 UTC] [INFO] Processing block #0 - Block type: uagb/image
[07:47:27 UTC] [INFO] Checking block for image replacement: uagb/image
[07:47:27 UTC] [INFO] Starting parse_spectra_image
[07:47:27 UTC] [INFO] No image URL or skipable image, returning block unchanged
[07:47:27 UTC] [INFO] Processing block #1 - Block type: uagb/icon
[07:47:28 UTC] [INFO] Checking block for image replacement: uagb/icon
[07:47:28 UTC] [INFO] Completed get_updated_blocks - Processed: 2, Skipped: 0
[07:47:28 UTC] [INFO] Processing block #1 - Block type: uagb/container
[07:47:28 UTC] [INFO] Checking block for image replacement: uagb/container
[07:47:28 UTC] [INFO] Starting parse_spectra_container
[07:47:28 UTC] [INFO] No background image or skipable image, returning block unchanged
[07:47:28 UTC] [INFO] Processing 3 inner blocks for block #1
[07:47:28 UTC] [INFO] Processing 3 blocks for updates
[07:47:28 UTC] [INFO] Processing block #0 - Block type: uagb/advanced-heading
[07:47:28 UTC] [INFO] Checking block for image replacement: uagb/advanced-heading
[07:47:28 UTC] [INFO] Processing block #1 - Block type: uagb/testimonial
[07:47:28 UTC] [INFO] Checking block for image replacement: uagb/testimonial
[07:47:28 UTC] [INFO] Processing block #2 - Block type: uagb/testimonial
[07:47:28 UTC] [INFO] Checking block for image replacement: uagb/testimonial
[07:47:28 UTC] [INFO] Completed get_updated_blocks - Processed: 3, Skipped: 0
[07:47:28 UTC] [INFO] Completed get_updated_blocks - Processed: 2, Skipped: 0
[07:47:28 UTC] [INFO] Processing block #13 - Block type: 
[07:47:28 UTC] [INFO] Checking block for image replacement: 
[07:47:28 UTC] [INFO] Processing block #14 - Block type: uagb/container
[07:47:28 UTC] [INFO] Checking block for image replacement: uagb/container
[07:47:28 UTC] [INFO] Starting parse_spectra_container
[07:47:28 UTC] [INFO] No background image or skipable image, returning block unchanged
[07:47:28 UTC] [INFO] Processing 2 inner blocks for block #14
[07:47:28 UTC] [INFO] Processing 2 blocks for updates
[07:47:28 UTC] [INFO] Processing block #0 - Block type: uagb/advanced-heading
[07:47:28 UTC] [INFO] Checking block for image replacement: uagb/advanced-heading
[07:47:28 UTC] [INFO] Processing block #1 - Block type: uagb/container
[07:47:28 UTC] [INFO] Checking block for image replacement: uagb/container
[07:47:28 UTC] [INFO] Starting parse_spectra_container
[07:47:28 UTC] [INFO] No background image or skipable image, returning block unchanged
[07:47:28 UTC] [INFO] Processing 3 inner blocks for block #1
[07:47:28 UTC] [INFO] Processing 3 blocks for updates
[07:47:28 UTC] [INFO] Processing block #0 - Block type: uagb/image
[07:47:28 UTC] [INFO] Checking block for image replacement: uagb/image
[07:47:28 UTC] [INFO] Starting parse_spectra_image
[07:47:28 UTC] [INFO] Found image to replace: http://localhost/wordpress/wp-content/uploads/2024/08/gallery-1.jpg
[07:47:28 UTC] [INFO] Retrieved replacement image from index: 8
[07:47:28 UTC] [INFO] Successfully downloaded image with ID: 84
[07:47:28 UTC] [INFO] Replaced image URL in innerHTML
[07:47:28 UTC] [INFO] Updated alt text to: Appetizing Indian paratha served with yogurt and pickles on a blue plate.
[07:47:28 UTC] [INFO] Updated tablet image URL: http://localhost/wordpress/wp-content/uploads/2026/04/pexels-photo-33428723.jpeg
[07:47:28 UTC] [INFO] Updated mobile image URL: http://localhost/wordpress/wp-content/uploads/2026/04/pexels-photo-33428723.jpeg
[07:47:28 UTC] [INFO] Updated image ID from 463 to 84
[07:47:28 UTC] [INFO] Replaced image URL in 1 inner content items
[07:47:28 UTC] [INFO] Successfully replaced Spectra image - Old: http://localhost/wordpress/wp-content/uploads/2024/08/gallery-1.jpg, New: http://localhost/wordpress/wp-content/uploads/2026/04/pexels-photo-33428723.jpeg
[07:47:28 UTC] [INFO] Processing block #1 - Block type: uagb/container
[07:47:28 UTC] [INFO] Checking block for image replacement: uagb/container
[07:47:28 UTC] [INFO] Starting parse_spectra_container
[07:47:28 UTC] [INFO] No background image or skipable image, returning block unchanged
[07:47:28 UTC] [INFO] Processing 4 inner blocks for block #1
[07:47:28 UTC] [INFO] Processing 4 blocks for updates
[07:47:28 UTC] [INFO] Processing block #0 - Block type: uagb/image
[07:47:28 UTC] [INFO] Checking block for image replacement: uagb/image
[07:47:28 UTC] [INFO] Starting parse_spectra_image
[07:47:28 UTC] [INFO] Found image to replace: http://localhost/wordpress/wp-content/uploads/2024/08/gallery-2.jpg
[07:47:28 UTC] [INFO] Retrieved replacement image from index: 9
[07:47:28 UTC] [INFO] Successfully downloaded image with ID: 85
[07:47:28 UTC] [INFO] Replaced image URL in innerHTML
[07:47:28 UTC] [INFO] Updated alt text to: A vibrant display of Kerala Sadya on banana leaf, featuring traditional Onam dishes.
[07:47:28 UTC] [INFO] Updated tablet image URL: http://localhost/wordpress/wp-content/uploads/2026/04/pexels-photo-5410418.jpeg
[07:47:28 UTC] [INFO] Updated mobile image URL: http://localhost/wordpress/wp-content/uploads/2026/04/pexels-photo-5410418.jpeg
[07:47:28 UTC] [INFO] Updated image ID from 464 to 85
[07:47:28 UTC] [INFO] Replaced image URL in 1 inner content items
[07:47:28 UTC] [INFO] Successfully replaced Spectra image - Old: http://localhost/wordpress/wp-content/uploads/2024/08/gallery-2.jpg, New: http://localhost/wordpress/wp-content/uploads/2026/04/pexels-photo-5410418.jpeg
[07:47:28 UTC] [INFO] Processing block #1 - Block type: uagb/image
[07:47:28 UTC] [INFO] Checking block for image replacement: uagb/image
[07:47:28 UTC] [INFO] Starting parse_spectra_image
[07:47:28 UTC] [INFO] Found image to replace: http://localhost/wordpress/wp-content/uploads/2024/08/gallery-3.jpg
[07:47:28 UTC] [INFO] Retrieved replacement image from index: 10
[07:47:28 UTC] [INFO] Successfully downloaded image with ID: 86
[07:47:28 UTC] [INFO] Replaced image URL in innerHTML
[07:47:28 UTC] [INFO] Updated alt text to: A vibrant assortment of Indian dishes including biryani, curry, and appetizers on a table.
[07:47:28 UTC] [INFO] Updated tablet image URL: http://localhost/wordpress/wp-content/uploads/2026/04/pexels-photo-32083371.jpeg
[07:47:28 UTC] [INFO] Updated mobile image URL: http://localhost/wordpress/wp-content/uploads/2026/04/pexels-photo-32083371.jpeg
[07:47:28 UTC] [INFO] Updated image ID from 465 to 86
[07:47:28 UTC] [INFO] Replaced image URL in 1 inner content items
[07:47:28 UTC] [INFO] Successfully replaced Spectra image - Old: http://localhost/wordpress/wp-content/uploads/2024/08/gallery-3.jpg, New: http://localhost/wordpress/wp-content/uploads/2026/04/pexels-photo-32083371.jpeg
[07:47:28 UTC] [INFO] Processing block #2 - Block type: uagb/image
[07:47:28 UTC] [INFO] Checking block for image replacement: uagb/image
[07:47:28 UTC] [INFO] Starting parse_spectra_image
[07:47:28 UTC] [INFO] Found image to replace: http://localhost/wordpress/wp-content/uploads/2024/08/gallery-4.jpg
[07:47:28 UTC] [INFO] Retrieved replacement image from index: 11
[07:47:28 UTC] [INFO] Successfully downloaded image with ID: 87
[07:47:28 UTC] [INFO] Replaced image URL in innerHTML
[07:47:28 UTC] [INFO] Updated alt text to: Close-up of a flavorful Indian biryani served with crispy papadum on a table setting.
[07:47:28 UTC] [INFO] Updated tablet image URL: http://localhost/wordpress/wp-content/uploads/2026/04/pexels-photo-35539325.jpeg
[07:47:28 UTC] [INFO] Updated mobile image URL: http://localhost/wordpress/wp-content/uploads/2026/04/pexels-photo-35539325.jpeg
[07:47:28 UTC] [INFO] Updated image ID from 466 to 87
[07:47:28 UTC] [INFO] Replaced image URL in 1 inner content items
[07:47:29 UTC] [INFO] Successfully replaced Spectra image - Old: http://localhost/wordpress/wp-content/uploads/2024/08/gallery-4.jpg, New: http://localhost/wordpress/wp-content/uploads/2026/04/pexels-photo-35539325.jpeg
[07:47:29 UTC] [INFO] Processing block #3 - Block type: uagb/image
[07:47:29 UTC] [INFO] Checking block for image replacement: uagb/image
[07:47:29 UTC] [INFO] Starting parse_spectra_image
[07:47:29 UTC] [INFO] Found image to replace: http://localhost/wordpress/wp-content/uploads/2024/08/gallery-5.jpg
[07:47:29 UTC] [INFO] Retrieved replacement image from index: 12
[07:47:29 UTC] [INFO] Successfully downloaded image with ID: 88
[07:47:29 UTC] [INFO] Replaced image URL in innerHTML
[07:47:29 UTC] [INFO] Updated alt text to: Close-up of a traditional Indian meal featuring roti, dal curry, and pickles served on a marble table.
[07:47:29 UTC] [INFO] Updated tablet image URL: http://localhost/wordpress/wp-content/uploads/2026/04/pexels-photo-37051462.jpeg
[07:47:29 UTC] [INFO] Updated mobile image URL: http://localhost/wordpress/wp-content/uploads/2026/04/pexels-photo-37051462.jpeg
[07:47:29 UTC] [INFO] Updated image ID from 467 to 88
[07:47:29 UTC] [INFO] Replaced image URL in 1 inner content items
[07:47:29 UTC] [INFO] Successfully replaced Spectra image - Old: http://localhost/wordpress/wp-content/uploads/2024/08/gallery-5.jpg, New: http://localhost/wordpress/wp-content/uploads/2026/04/pexels-photo-37051462.jpeg
[07:47:29 UTC] [INFO] Completed get_updated_blocks - Processed: 4, Skipped: 0
[07:47:29 UTC] [INFO] Processing block #2 - Block type: uagb/image
[07:47:29 UTC] [INFO] Checking block for image replacement: uagb/image
[07:47:29 UTC] [INFO] Starting parse_spectra_image
[07:47:29 UTC] [INFO] Found image to replace: http://localhost/wordpress/wp-content/uploads/2024/08/gallery-6.jpg
[07:47:29 UTC] [INFO] Retrieved replacement image from index: 13
[07:47:29 UTC] [INFO] Successfully downloaded image with ID: 89
[07:47:29 UTC] [INFO] Replaced image URL in innerHTML
[07:47:29 UTC] [INFO] Updated alt text to: Delicious modaks with a cup of masala chai, a treat for Indian festivals.
[07:47:29 UTC] [INFO] Updated tablet image URL: http://localhost/wordpress/wp-content/uploads/2026/04/pexels-photo-10379166.jpeg
[07:47:29 UTC] [INFO] Updated mobile image URL: http://localhost/wordpress/wp-content/uploads/2026/04/pexels-photo-10379166.jpeg
[07:47:29 UTC] [INFO] Updated image ID from 468 to 89
[07:47:29 UTC] [INFO] Replaced image URL in 1 inner content items
[07:47:29 UTC] [INFO] Successfully replaced Spectra image - Old: http://localhost/wordpress/wp-content/uploads/2024/08/gallery-6.jpg, New: http://localhost/wordpress/wp-content/uploads/2026/04/pexels-photo-10379166.jpeg
[07:47:29 UTC] [INFO] Completed get_updated_blocks - Processed: 3, Skipped: 0
[07:47:29 UTC] [INFO] Completed get_updated_blocks - Processed: 2, Skipped: 0
[07:47:29 UTC] [INFO] Completed get_updated_blocks - Processed: 15, Skipped: 0
[07:47:29 UTC] [INFO] Serialized updated blocks into content
[07:47:29 UTC] [INFO] Starting replace_content_glitch
[07:47:29 UTC] [INFO] Completed replace_content_glitch
[07:47:29 UTC] [INFO] Completed parse_replace_images for post ID: 296
[07:47:29 UTC] [INFO] Updated page content | Context: {"post_id":296}
[07:47:29 UTC] [INFO] Starting parse_replace_images for post ID: 301
[07:47:29 UTC] [INFO] Parsed 5 blocks from post content
[07:47:29 UTC] [INFO] Processing 5 blocks for updates
[07:47:29 UTC] [INFO] Processing block #0 - Block type: uagb/container
[07:47:29 UTC] [INFO] Checking block for image replacement: uagb/container
[07:47:29 UTC] [INFO] Starting parse_spectra_container
[07:47:29 UTC] [INFO] No background image or skipable image, returning block unchanged
[07:47:29 UTC] [INFO] Processing 2 inner blocks for block #0
[07:47:29 UTC] [INFO] Processing 2 blocks for updates
[07:47:29 UTC] [INFO] Processing block #0 - Block type: uagb/advanced-heading
[07:47:29 UTC] [INFO] Checking block for image replacement: uagb/advanced-heading
[07:47:29 UTC] [INFO] Processing block #1 - Block type: uagb/image
[07:47:29 UTC] [INFO] Checking block for image replacement: uagb/image
[07:47:29 UTC] [INFO] Starting parse_spectra_image
[07:47:29 UTC] [INFO] Found image to replace: http://localhost/wordpress/wp-content/uploads/2024/07/contact-img.jpg
[07:47:29 UTC] [INFO] Retrieved replacement image from index: 14
[07:47:29 UTC] [INFO] Successfully downloaded image with ID: 90
[07:47:29 UTC] [INFO] Replaced image URL in innerHTML
[07:47:29 UTC] [INFO] Updated alt text to: Close-up of flavorful Indian fritters served with spicy chutney, showcasing rich textures.
[07:47:29 UTC] [INFO] Updated tablet image URL: http://localhost/wordpress/wp-content/uploads/2026/04/pexels-photo-15995519.jpeg
[07:47:29 UTC] [INFO] Updated mobile image URL: http://localhost/wordpress/wp-content/uploads/2026/04/pexels-photo-15995519.jpeg
[07:47:29 UTC] [INFO] Updated image ID from 324 to 90
[07:47:29 UTC] [INFO] Replaced image URL in 1 inner content items
[07:47:29 UTC] [INFO] Successfully replaced Spectra image - Old: http://localhost/wordpress/wp-content/uploads/2024/07/contact-img.jpg, New: http://localhost/wordpress/wp-content/uploads/2026/04/pexels-photo-15995519.jpeg
[07:47:29 UTC] [INFO] Completed get_updated_blocks - Processed: 2, Skipped: 0
[07:47:29 UTC] [INFO] Processing block #1 - Block type: 
[07:47:29 UTC] [INFO] Checking block for image replacement: 
[07:47:29 UTC] [INFO] Processing block #2 - Block type: uagb/container
[07:47:29 UTC] [INFO] Checking block for image replacement: uagb/container
[07:47:29 UTC] [INFO] Starting parse_spectra_container
[07:47:29 UTC] [INFO] No background image or skipable image, returning block unchanged
[07:47:29 UTC] [INFO] Processing 5 inner blocks for block #2
[07:47:29 UTC] [INFO] Processing 5 blocks for updates
[07:47:29 UTC] [INFO] Processing block #0 - Block type: uagb/container
[07:47:29 UTC] [INFO] Checking block for image replacement: uagb/container
[07:47:29 UTC] [INFO] Starting parse_spectra_container
[07:47:29 UTC] [INFO] No background image or skipable image, returning block unchanged
[07:47:29 UTC] [INFO] Processing 1 inner blocks for block #0
[07:47:29 UTC] [INFO] Processing 1 blocks for updates
[07:47:29 UTC] [INFO] Processing block #0 - Block type: uagb/advanced-heading
[07:47:29 UTC] [INFO] Checking block for image replacement: uagb/advanced-heading
[07:47:29 UTC] [INFO] Completed get_updated_blocks - Processed: 1, Skipped: 0
[07:47:30 UTC] [INFO] Processing block #1 - Block type: uagb/container
[07:47:30 UTC] [INFO] Checking block for image replacement: uagb/container
[07:47:30 UTC] [INFO] Starting parse_spectra_container
[07:47:30 UTC] [INFO] No background image or skipable image, returning block unchanged
[07:47:30 UTC] [INFO] Processing 1 inner blocks for block #1
[07:47:30 UTC] [INFO] Processing 1 blocks for updates
[07:47:30 UTC] [INFO] Processing block #0 - Block type: uagb/advanced-heading
[07:47:30 UTC] [INFO] Checking block for image replacement: uagb/advanced-heading
[07:47:30 UTC] [INFO] Completed get_updated_blocks - Processed: 1, Skipped: 0
[07:47:30 UTC] [INFO] Processing block #2 - Block type: uagb/container
[07:47:30 UTC] [INFO] Checking block for image replacement: uagb/container
[07:47:30 UTC] [INFO] Starting parse_spectra_container
[07:47:30 UTC] [INFO] No background image or skipable image, returning block unchanged
[07:47:30 UTC] [INFO] Processing 1 inner blocks for block #2
[07:47:30 UTC] [INFO] Processing 1 blocks for updates
[07:47:30 UTC] [INFO] Processing block #0 - Block type: uagb/advanced-heading
[07:47:30 UTC] [INFO] Checking block for image replacement: uagb/advanced-heading
[07:47:30 UTC] [INFO] Completed get_updated_blocks - Processed: 1, Skipped: 0
[07:47:30 UTC] [INFO] Processing block #3 - Block type: uagb/container
[07:47:30 UTC] [INFO] Checking block for image replacement: uagb/container
[07:47:30 UTC] [INFO] Starting parse_spectra_container
[07:47:30 UTC] [INFO] No background image or skipable image, returning block unchanged
[07:47:30 UTC] [INFO] Processing 2 inner blocks for block #3
[07:47:30 UTC] [INFO] Processing 2 blocks for updates
[07:47:30 UTC] [INFO] Processing block #0 - Block type: uagb/advanced-heading
[07:47:30 UTC] [INFO] Checking block for image replacement: uagb/advanced-heading
[07:47:30 UTC] [INFO] Processing block #1 - Block type: uagb/icon-list
[07:47:30 UTC] [INFO] Checking block for image replacement: uagb/icon-list
[07:47:30 UTC] [INFO] Starting parse_social_icons
[07:47:30 UTC] [INFO] No social profiles found, returning block unchanged
[07:47:30 UTC] [INFO] Processing 5 inner blocks for block #1
[07:47:30 UTC] [INFO] Processing 5 blocks for updates
[07:47:30 UTC] [INFO] Processing block #0 - Block type: uagb/icon-list-child
[07:47:30 UTC] [INFO] Checking block for image replacement: uagb/icon-list-child
[07:47:30 UTC] [INFO] Processing block #1 - Block type: uagb/icon-list-child
[07:47:30 UTC] [INFO] Checking block for image replacement: uagb/icon-list-child
[07:47:30 UTC] [INFO] Processing block #2 - Block type: uagb/icon-list-child
[07:47:30 UTC] [INFO] Checking block for image replacement: uagb/icon-list-child
[07:47:30 UTC] [INFO] Processing block #3 - Block type: uagb/icon-list-child
[07:47:30 UTC] [INFO] Checking block for image replacement: uagb/icon-list-child
[07:47:30 UTC] [INFO] Processing block #4 - Block type: uagb/icon-list-child
[07:47:30 UTC] [INFO] Checking block for image replacement: uagb/icon-list-child
[07:47:30 UTC] [INFO] Completed get_updated_blocks - Processed: 5, Skipped: 0
[07:47:30 UTC] [INFO] Completed get_updated_blocks - Processed: 2, Skipped: 0
[07:47:30 UTC] [INFO] Processing block #4 - Block type: uagb/container
[07:47:30 UTC] [INFO] Checking block for image replacement: uagb/container
[07:47:30 UTC] [INFO] Starting parse_spectra_container
[07:47:30 UTC] [INFO] No background image or skipable image, returning block unchanged
[07:47:30 UTC] [INFO] Processing 2 inner blocks for block #4
[07:47:30 UTC] [INFO] Processing 2 blocks for updates
[07:47:30 UTC] [INFO] Processing block #0 - Block type: uagb/advanced-heading
[07:47:30 UTC] [INFO] Checking block for image replacement: uagb/advanced-heading
[07:47:30 UTC] [INFO] Processing block #1 - Block type: core/shortcode
[07:47:30 UTC] [INFO] Checking block for image replacement: core/shortcode
[07:47:30 UTC] [INFO] Completed get_updated_blocks - Processed: 2, Skipped: 0
[07:47:30 UTC] [INFO] Completed get_updated_blocks - Processed: 5, Skipped: 0
[07:47:30 UTC] [INFO] Processing block #3 - Block type: 
[07:47:30 UTC] [INFO] Checking block for image replacement: 
[07:47:30 UTC] [INFO] Processing block #4 - Block type: uagb/container
[07:47:30 UTC] [INFO] Checking block for image replacement: uagb/container
[07:47:30 UTC] [INFO] Starting parse_spectra_container
[07:47:30 UTC] [INFO] No background image or skipable image, returning block unchanged
[07:47:30 UTC] [INFO] Processing 1 inner blocks for block #4
[07:47:30 UTC] [INFO] Processing 1 blocks for updates
[07:47:30 UTC] [INFO] Processing block #0 - Block type: uagb/google-map
[07:47:30 UTC] [INFO] Checking block for image replacement: uagb/google-map
[07:47:30 UTC] [INFO] Starting parse_spectra_google_map
[07:47:30 UTC] [INFO] No business address found, returning block unchanged
[07:47:30 UTC] [INFO] Completed get_updated_blocks - Processed: 1, Skipped: 0
[07:47:30 UTC] [INFO] Completed get_updated_blocks - Processed: 5, Skipped: 0
[07:47:30 UTC] [INFO] Serialized updated blocks into content
[07:47:30 UTC] [INFO] Starting replace_content_glitch
[07:47:30 UTC] [INFO] Completed replace_content_glitch
[07:47:30 UTC] [INFO] Completed parse_replace_images for post ID: 301
[07:47:31 UTC] [INFO] Updated page content | Context: {"post_id":301}
[07:47:31 UTC] [INFO] Starting parse_replace_images for post ID: 300
[07:47:31 UTC] [INFO] Parsed 0 blocks from post content
[07:47:31 UTC] [INFO] Processing 0 blocks for updates
[07:47:31 UTC] [INFO] Completed get_updated_blocks - Processed: 0, Skipped: 0
[07:47:31 UTC] [INFO] Serialized updated blocks into content
[07:47:31 UTC] [INFO] Starting replace_content_glitch
[07:47:31 UTC] [INFO] Completed replace_content_glitch
[07:47:31 UTC] [INFO] Completed parse_replace_images for post ID: 300
[07:47:31 UTC] [INFO] Updated page content | Context: {"post_id":300}
[07:47:31 UTC] [INFO] Starting parse_replace_images for post ID: 299
[07:47:31 UTC] [INFO] Parsed 5 blocks from post content
[07:47:31 UTC] [INFO] Processing 5 blocks for updates
[07:47:31 UTC] [INFO] Processing block #0 - Block type: uagb/container
[07:47:31 UTC] [INFO] Checking block for image replacement: uagb/container
[07:47:31 UTC] [INFO] Starting parse_spectra_container
[07:47:31 UTC] [INFO] No background image or skipable image, returning block unchanged
[07:47:31 UTC] [INFO] Processing 2 inner blocks for block #0
[07:47:31 UTC] [INFO] Processing 2 blocks for updates
[07:47:31 UTC] [INFO] Processing block #0 - Block type: uagb/advanced-heading
[07:47:31 UTC] [INFO] Checking block for image replacement: uagb/advanced-heading
[07:47:31 UTC] [INFO] Processing block #1 - Block type: uagb/image
[07:47:31 UTC] [INFO] Checking block for image replacement: uagb/image
[07:47:31 UTC] [INFO] Starting parse_spectra_image
[07:47:31 UTC] [INFO] Found image to replace: http://localhost/wordpress/wp-content/uploads/2024/07/services-img.jpg
[07:47:31 UTC] [INFO] Retrieved replacement image from index: 15
[07:47:31 UTC] [INFO] Successfully downloaded image with ID: 91
[07:47:31 UTC] [INFO] Replaced image URL in innerHTML
[07:47:31 UTC] [INFO] Updated alt text to: An elaborate South Indian meal with various dishes artfully arranged on a banana leaf, showcasing vibrant colors and textures.
[07:47:31 UTC] [INFO] Updated tablet image URL: http://localhost/wordpress/wp-content/uploads/2026/04/pexels-photo-14132112.jpeg
[07:47:31 UTC] [INFO] Updated mobile image URL: http://localhost/wordpress/wp-content/uploads/2026/04/pexels-photo-14132112.jpeg
[07:47:31 UTC] [INFO] Updated image ID from 345 to 91
[07:47:31 UTC] [INFO] Replaced image URL in 1 inner content items
[07:47:31 UTC] [INFO] Successfully replaced Spectra image - Old: http://localhost/wordpress/wp-content/uploads/2024/07/services-img.jpg, New: http://localhost/wordpress/wp-content/uploads/2026/04/pexels-photo-14132112.jpeg
[07:47:31 UTC] [INFO] Completed get_updated_blocks - Processed: 2, Skipped: 0
[07:47:31 UTC] [INFO] Processing block #1 - Block type: 
[07:47:31 UTC] [INFO] Checking block for image replacement: 
[07:47:31 UTC] [INFO] Processing block #2 - Block type: uagb/container
[07:47:31 UTC] [INFO] Checking block for image replacement: uagb/container
[07:47:31 UTC] [INFO] Starting parse_spectra_container
[07:47:31 UTC] [INFO] No background image or skipable image, returning block unchanged
[07:47:31 UTC] [INFO] Processing 5 inner blocks for block #2
[07:47:31 UTC] [INFO] Processing 5 blocks for updates
[07:47:31 UTC] [INFO] Processing block #0 - Block type: uagb/container
[07:47:31 UTC] [INFO] Checking block for image replacement: uagb/container
[07:47:31 UTC] [INFO] Starting parse_spectra_container
[07:47:31 UTC] [INFO] No background image or skipable image, returning block unchanged
[07:47:31 UTC] [INFO] Processing 3 inner blocks for block #0
[07:47:31 UTC] [INFO] Processing 3 blocks for updates
[07:47:31 UTC] [INFO] Processing block #0 - Block type: uagb/image
[07:47:31 UTC] [INFO] Checking block for image replacement: uagb/image
[07:47:31 UTC] [INFO] Starting parse_spectra_image
[07:47:31 UTC] [INFO] Found image to replace: http://localhost/wordpress/wp-content/uploads/2024/07/services-01.jpg
[07:47:31 UTC] [INFO] Retrieved replacement image from index: 16
[07:47:31 UTC] [INFO] Successfully downloaded image with ID: 92
[07:47:31 UTC] [INFO] Replaced image URL in innerHTML
[07:47:31 UTC] [INFO] Updated alt text to: Authentic Indian dishes including chapati, vegetable curry, and chutney served on a table.
[07:47:31 UTC] [INFO] Updated tablet image URL: http://localhost/wordpress/wp-content/uploads/2026/04/pexels-photo-36873149.jpeg
[07:47:31 UTC] [INFO] Updated mobile image URL: http://localhost/wordpress/wp-content/uploads/2026/04/pexels-photo-36873149.jpeg
[07:47:31 UTC] [INFO] Updated image ID from 341 to 92
[07:47:31 UTC] [INFO] Replaced image URL in 1 inner content items
[07:47:31 UTC] [INFO] Successfully replaced Spectra image - Old: http://localhost/wordpress/wp-content/uploads/2024/07/services-01.jpg, New: http://localhost/wordpress/wp-content/uploads/2026/04/pexels-photo-36873149.jpeg
[07:47:31 UTC] [INFO] Processing block #1 - Block type: uagb/advanced-heading
[07:47:31 UTC] [INFO] Checking block for image replacement: uagb/advanced-heading
[07:47:31 UTC] [INFO] Processing block #2 - Block type: uagb/advanced-heading
[07:47:31 UTC] [INFO] Checking block for image replacement: uagb/advanced-heading
[07:47:31 UTC] [INFO] Completed get_updated_blocks - Processed: 3, Skipped: 0
[07:47:31 UTC] [INFO] Processing block #1 - Block type: uagb/container
[07:47:31 UTC] [INFO] Checking block for image replacement: uagb/container
[07:47:31 UTC] [INFO] Starting parse_spectra_container
[07:47:31 UTC] [INFO] No background image or skipable image, returning block unchanged
[07:47:31 UTC] [INFO] Processing 3 inner blocks for block #1
[07:47:31 UTC] [INFO] Processing 3 blocks for updates
[07:47:31 UTC] [INFO] Processing block #0 - Block type: uagb/image
[07:47:31 UTC] [INFO] Checking block for image replacement: uagb/image
[07:47:31 UTC] [INFO] Starting parse_spectra_image
[07:47:31 UTC] [INFO] Found image to replace: http://localhost/wordpress/wp-content/uploads/2024/07/services-02.jpg
[07:47:31 UTC] [INFO] Retrieved replacement image from index: 17
[07:47:31 UTC] [INFO] Successfully downloaded image with ID: 93
[07:47:31 UTC] [INFO] Replaced image URL in innerHTML
[07:47:31 UTC] [INFO] Updated alt text to: Top view of a traditional Indian curry served with rice and spices on a dark background.
[07:47:32 UTC] [INFO] Updated tablet image URL: http://localhost/wordpress/wp-content/uploads/2026/04/pexels-photo-20446382.jpeg
[07:47:32 UTC] [INFO] Updated mobile image URL: http://localhost/wordpress/wp-content/uploads/2026/04/pexels-photo-20446382.jpeg
[07:47:32 UTC] [INFO] Updated image ID from 342 to 93
[07:47:32 UTC] [INFO] Replaced image URL in 1 inner content items
[07:47:32 UTC] [INFO] Successfully replaced Spectra image - Old: http://localhost/wordpress/wp-content/uploads/2024/07/services-02.jpg, New: http://localhost/wordpress/wp-content/uploads/2026/04/pexels-photo-20446382.jpeg
[07:47:32 UTC] [INFO] Processing block #1 - Block type: uagb/advanced-heading
[07:47:32 UTC] [INFO] Checking block for image replacement: uagb/advanced-heading
[07:47:32 UTC] [INFO] Processing block #2 - Block type: uagb/advanced-heading
[07:47:32 UTC] [INFO] Checking block for image replacement: uagb/advanced-heading
[07:47:32 UTC] [INFO] Completed get_updated_blocks - Processed: 3, Skipped: 0
[07:47:32 UTC] [INFO] Processing block #2 - Block type: uagb/container
[07:47:32 UTC] [INFO] Checking block for image replacement: uagb/container
[07:47:32 UTC] [INFO] Starting parse_spectra_container
[07:47:32 UTC] [INFO] No background image or skipable image, returning block unchanged
[07:47:32 UTC] [INFO] Processing 3 inner blocks for block #2
[07:47:32 UTC] [INFO] Processing 3 blocks for updates
[07:47:32 UTC] [INFO] Processing block #0 - Block type: uagb/image
[07:47:32 UTC] [INFO] Checking block for image replacement: uagb/image
[07:47:32 UTC] [INFO] Starting parse_spectra_image
[07:47:32 UTC] [INFO] Found image to replace: http://localhost/wordpress/wp-content/uploads/2024/07/services-03.jpg
[07:47:32 UTC] [INFO] Retrieved replacement image from index: 18
[07:47:32 UTC] [INFO] Successfully downloaded image with ID: 94
[07:47:32 UTC] [INFO] Replaced image URL in innerHTML
[07:47:32 UTC] [INFO] Updated alt text to: Top view of clay pots with a variety of Indian vegetarian dishes, ideal for food enthusiasts.
[07:47:32 UTC] [INFO] Updated tablet image URL: http://localhost/wordpress/wp-content/uploads/2026/04/pexels-photo-36460900.jpeg
[07:47:32 UTC] [INFO] Updated mobile image URL: http://localhost/wordpress/wp-content/uploads/2026/04/pexels-photo-36460900.jpeg
[07:47:32 UTC] [INFO] Updated image ID from 343 to 94
[07:47:32 UTC] [INFO] Replaced image URL in 1 inner content items
[07:47:32 UTC] [INFO] Successfully replaced Spectra image - Old: http://localhost/wordpress/wp-content/uploads/2024/07/services-03.jpg, New: http://localhost/wordpress/wp-content/uploads/2026/04/pexels-photo-36460900.jpeg
[07:47:32 UTC] [INFO] Processing block #1 - Block type: uagb/advanced-heading
[07:47:32 UTC] [INFO] Checking block for image replacement: uagb/advanced-heading
[07:47:32 UTC] [INFO] Processing block #2 - Block type: uagb/advanced-heading
[07:47:32 UTC] [INFO] Checking block for image replacement: uagb/advanced-heading
[07:47:32 UTC] [INFO] Completed get_updated_blocks - Processed: 3, Skipped: 0
[07:47:32 UTC] [INFO] Processing block #3 - Block type: uagb/container
[07:47:32 UTC] [INFO] Checking block for image replacement: uagb/container
[07:47:32 UTC] [INFO] Starting parse_spectra_container
[07:47:32 UTC] [INFO] No background image or skipable image, returning block unchanged
[07:47:32 UTC] [INFO] Processing 3 inner blocks for block #3
[07:47:32 UTC] [INFO] Processing 3 blocks for updates
[07:47:32 UTC] [INFO] Processing block #0 - Block type: uagb/image
[07:47:32 UTC] [INFO] Checking block for image replacement: uagb/image
[07:47:32 UTC] [INFO] Starting parse_spectra_image
[07:47:32 UTC] [INFO] Found image to replace: http://localhost/wordpress/wp-content/uploads/2024/07/services-04.jpg
[07:47:32 UTC] [INFO] Retrieved replacement image from index: 19
[07:47:32 UTC] [INFO] Successfully downloaded image with ID: 95
[07:47:32 UTC] [INFO] Replaced image URL in innerHTML
[07:47:32 UTC] [INFO] Updated alt text to: Young Indian woman enjoying traditional sweets in a festive gathering.
[07:47:32 UTC] [INFO] Updated tablet image URL: http://localhost/wordpress/wp-content/uploads/2026/04/pexels-photo-8887062.jpeg
[07:47:32 UTC] [INFO] Updated mobile image URL: http://localhost/wordpress/wp-content/uploads/2026/04/pexels-photo-8887062.jpeg
[07:47:32 UTC] [INFO] Updated image ID from 344 to 95
[07:47:32 UTC] [INFO] Replaced image URL in 1 inner content items
[07:47:32 UTC] [INFO] Successfully replaced Spectra image - Old: http://localhost/wordpress/wp-content/uploads/2024/07/services-04.jpg, New: http://localhost/wordpress/wp-content/uploads/2026/04/pexels-photo-8887062.jpeg
[07:47:32 UTC] [INFO] Processing block #1 - Block type: uagb/advanced-heading
[07:47:32 UTC] [INFO] Checking block for image replacement: uagb/advanced-heading
[07:47:32 UTC] [INFO] Processing block #2 - Block type: uagb/advanced-heading
[07:47:32 UTC] [INFO] Checking block for image replacement: uagb/advanced-heading
[07:47:32 UTC] [INFO] Completed get_updated_blocks - Processed: 3, Skipped: 0
[07:47:32 UTC] [INFO] Processing block #4 - Block type: uagb/advanced-heading
[07:47:32 UTC] [INFO] Checking block for image replacement: uagb/advanced-heading
[07:47:32 UTC] [INFO] Completed get_updated_blocks - Processed: 5, Skipped: 0
[07:47:32 UTC] [INFO] Processing block #3 - Block type: 
[07:47:32 UTC] [INFO] Checking block for image replacement: 
[07:47:32 UTC] [INFO] Processing block #4 - Block type: uagb/container
[07:47:32 UTC] [INFO] Checking block for image replacement: uagb/container
[07:47:32 UTC] [INFO] Starting parse_spectra_container
[07:47:32 UTC] [INFO] No background image or skipable image, returning block unchanged
[07:47:32 UTC] [INFO] Processing 4 inner blocks for block #4
[07:47:32 UTC] [INFO] Processing 4 blocks for updates
[07:47:32 UTC] [INFO] Processing block #0 - Block type: uagb/container
[07:47:32 UTC] [INFO] Checking block for image replacement: uagb/container
[07:47:32 UTC] [INFO] Starting parse_spectra_container
[07:47:32 UTC] [INFO] No background image or skipable image, returning block unchanged
[07:47:32 UTC] [INFO] Processing 1 inner blocks for block #0
[07:47:32 UTC] [INFO] Processing 1 blocks for updates
[07:47:32 UTC] [INFO] Processing block #0 - Block type: uagb/advanced-heading
[07:47:32 UTC] [INFO] Checking block for image replacement: uagb/advanced-heading
[07:47:32 UTC] [INFO] Completed get_updated_blocks - Processed: 1, Skipped: 0
[07:47:32 UTC] [INFO] Processing block #1 - Block type: uagb/container
[07:47:33 UTC] [INFO] Checking block for image replacement: uagb/container
[07:47:33 UTC] [INFO] Starting parse_spectra_container
[07:47:33 UTC] [INFO] No background image or skipable image, returning block unchanged
[07:47:33 UTC] [INFO] Processing 1 inner blocks for block #1
[07:47:33 UTC] [INFO] Processing 1 blocks for updates
[07:47:33 UTC] [INFO] Processing block #0 - Block type: uagb/advanced-heading
[07:47:33 UTC] [INFO] Checking block for image replacement: uagb/advanced-heading
[07:47:33 UTC] [INFO] Completed get_updated_blocks - Processed: 1, Skipped: 0
[07:47:33 UTC] [INFO] Processing block #2 - Block type: uagb/container
[07:47:33 UTC] [INFO] Checking block for image replacement: uagb/container
[07:47:33 UTC] [INFO] Starting parse_spectra_container
[07:47:33 UTC] [INFO] No background image or skipable image, returning block unchanged
[07:47:33 UTC] [INFO] Processing 1 inner blocks for block #2
[07:47:33 UTC] [INFO] Processing 1 blocks for updates
[07:47:33 UTC] [INFO] Processing block #0 - Block type: uagb/advanced-heading
[07:47:33 UTC] [INFO] Checking block for image replacement: uagb/advanced-heading
[07:47:33 UTC] [INFO] Completed get_updated_blocks - Processed: 1, Skipped: 0
[07:47:33 UTC] [INFO] Processing block #3 - Block type: uagb/container
[07:47:33 UTC] [INFO] Checking block for image replacement: uagb/container
[07:47:33 UTC] [INFO] Starting parse_spectra_container
[07:47:33 UTC] [INFO] No background image or skipable image, returning block unchanged
[07:47:33 UTC] [INFO] Processing 1 inner blocks for block #3
[07:47:33 UTC] [INFO] Processing 1 blocks for updates
[07:47:33 UTC] [INFO] Processing block #0 - Block type: uagb/advanced-heading
[07:47:33 UTC] [INFO] Checking block for image replacement: uagb/advanced-heading
[07:47:33 UTC] [INFO] Completed get_updated_blocks - Processed: 1, Skipped: 0
[07:47:33 UTC] [INFO] Completed get_updated_blocks - Processed: 4, Skipped: 0
[07:47:33 UTC] [INFO] Completed get_updated_blocks - Processed: 5, Skipped: 0
[07:47:33 UTC] [INFO] Serialized updated blocks into content
[07:47:33 UTC] [INFO] Starting replace_content_glitch
[07:47:33 UTC] [INFO] Completed replace_content_glitch
[07:47:33 UTC] [INFO] Completed parse_replace_images for post ID: 299
[07:47:33 UTC] [INFO] Updated page content | Context: {"post_id":299}
[07:47:33 UTC] [INFO] Starting parse_replace_images for post ID: 298
[07:47:33 UTC] [INFO] Parsed 7 blocks from post content
[07:47:33 UTC] [INFO] Processing 7 blocks for updates
[07:47:33 UTC] [INFO] Processing block #0 - Block type: uagb/container
[07:47:33 UTC] [INFO] Checking block for image replacement: uagb/container
[07:47:33 UTC] [INFO] Starting parse_spectra_container
[07:47:33 UTC] [INFO] No background image or skipable image, returning block unchanged
[07:47:33 UTC] [INFO] Processing 2 inner blocks for block #0
[07:47:33 UTC] [INFO] Processing 2 blocks for updates
[07:47:33 UTC] [INFO] Processing block #0 - Block type: uagb/advanced-heading
[07:47:33 UTC] [INFO] Checking block for image replacement: uagb/advanced-heading
[07:47:33 UTC] [INFO] Processing block #1 - Block type: uagb/image
[07:47:33 UTC] [INFO] Checking block for image replacement: uagb/image
[07:47:33 UTC] [INFO] Starting parse_spectra_image
[07:47:33 UTC] [INFO] Found image to replace: http://localhost/wordpress/wp-content/uploads/2024/07/about-img.jpg
[07:47:33 UTC] [INFO] Retrieved replacement image from index: 20
[07:47:33 UTC] [INFO] Successfully downloaded image with ID: 96
[07:47:33 UTC] [INFO] Replaced image URL in innerHTML
[07:47:33 UTC] [INFO] Updated alt text to: Authentic Indian curry served with naan bread, garnished with fresh herbs and spices.
[07:47:33 UTC] [INFO] Updated tablet image URL: http://localhost/wordpress/wp-content/uploads/2026/04/pexels-photo-20446423.jpeg
[07:47:33 UTC] [INFO] Updated mobile image URL: http://localhost/wordpress/wp-content/uploads/2026/04/pexels-photo-20446423.jpeg
[07:47:33 UTC] [INFO] Updated image ID from 322 to 96
[07:47:33 UTC] [INFO] Replaced image URL in 1 inner content items
[07:47:33 UTC] [INFO] Successfully replaced Spectra image - Old: http://localhost/wordpress/wp-content/uploads/2024/07/about-img.jpg, New: http://localhost/wordpress/wp-content/uploads/2026/04/pexels-photo-20446423.jpeg
[07:47:33 UTC] [INFO] Completed get_updated_blocks - Processed: 2, Skipped: 0
[07:47:33 UTC] [INFO] Processing block #1 - Block type: 
[07:47:33 UTC] [INFO] Checking block for image replacement: 
[07:47:33 UTC] [INFO] Processing block #2 - Block type: uagb/container
[07:47:33 UTC] [INFO] Checking block for image replacement: uagb/container
[07:47:33 UTC] [INFO] Starting parse_spectra_container
[07:47:33 UTC] [INFO] No background image or skipable image, returning block unchanged
[07:47:33 UTC] [INFO] Processing 2 inner blocks for block #2
[07:47:33 UTC] [INFO] Processing 2 blocks for updates
[07:47:33 UTC] [INFO] Processing block #0 - Block type: uagb/image
[07:47:33 UTC] [INFO] Checking block for image replacement: uagb/image
[07:47:33 UTC] [INFO] Starting parse_spectra_image
[07:47:33 UTC] [INFO] Found image to replace: http://localhost/wordpress/wp-content/uploads/2024/07/our-experience.jpg
[07:47:33 UTC] [INFO] Retrieved replacement image from index: 21
[07:47:33 UTC] [INFO] Successfully downloaded image with ID: 97
[07:47:33 UTC] [INFO] Replaced image URL in innerHTML
[07:47:33 UTC] [INFO] Updated alt text to: Delicious Indian meal featuring lachha parantha, creamy curry, and assorted spices in a top-down view.
[07:47:33 UTC] [INFO] Updated tablet image URL: http://localhost/wordpress/wp-content/uploads/2026/04/pexels-photo-20446407.jpeg
[07:47:33 UTC] [INFO] Updated mobile image URL: http://localhost/wordpress/wp-content/uploads/2026/04/pexels-photo-20446407.jpeg
[07:47:33 UTC] [INFO] Updated image ID from 336 to 97
[07:47:33 UTC] [INFO] Replaced image URL in 1 inner content items
[07:47:33 UTC] [INFO] Successfully replaced Spectra image - Old: http://localhost/wordpress/wp-content/uploads/2024/07/our-experience.jpg, New: http://localhost/wordpress/wp-content/uploads/2026/04/pexels-photo-20446407.jpeg
[07:47:33 UTC] [INFO] Processing block #1 - Block type: uagb/container
[07:47:33 UTC] [INFO] Checking block for image replacement: uagb/container
[07:47:33 UTC] [INFO] Starting parse_spectra_container
[07:47:34 UTC] [INFO] No background image or skipable image, returning block unchanged
[07:47:34 UTC] [INFO] Processing 2 inner blocks for block #1
[07:47:34 UTC] [INFO] Processing 2 blocks for updates
[07:47:34 UTC] [INFO] Processing block #0 - Block type: uagb/container
[07:47:34 UTC] [INFO] Checking block for image replacement: uagb/container
[07:47:34 UTC] [INFO] Starting parse_spectra_container
[07:47:34 UTC] [INFO] No background image or skipable image, returning block unchanged
[07:47:34 UTC] [INFO] Processing 2 inner blocks for block #0
[07:47:34 UTC] [INFO] Processing 2 blocks for updates
[07:47:34 UTC] [INFO] Processing block #0 - Block type: uagb/advanced-heading
[07:47:34 UTC] [INFO] Checking block for image replacement: uagb/advanced-heading
[07:47:34 UTC] [INFO] Processing block #1 - Block type: uagb/image
[07:47:34 UTC] [INFO] Checking block for image replacement: uagb/image
[07:47:34 UTC] [INFO] Starting parse_spectra_image
[07:47:34 UTC] [INFO] Found image to replace: http://localhost/wordpress/wp-content/uploads/2024/07/about-02.jpg
[07:47:34 UTC] [INFO] Retrieved replacement image from index: 22
[07:47:34 UTC] [INFO] Successfully downloaded image with ID: 98
[07:47:34 UTC] [INFO] Replaced image URL in innerHTML
[07:47:34 UTC] [INFO] Updated alt text to: An appetizing Indian meal featuring naan, creamy curry, and fresh condiments.
[07:47:34 UTC] [INFO] Updated tablet image URL: http://localhost/wordpress/wp-content/uploads/2026/04/pexels-photo-12737918.jpeg
[07:47:34 UTC] [INFO] Updated mobile image URL: http://localhost/wordpress/wp-content/uploads/2026/04/pexels-photo-12737918.jpeg
[07:47:34 UTC] [INFO] Updated image ID from 321 to 98
[07:47:34 UTC] [INFO] Replaced image URL in 1 inner content items
[07:47:34 UTC] [INFO] Successfully replaced Spectra image - Old: http://localhost/wordpress/wp-content/uploads/2024/07/about-02.jpg, New: http://localhost/wordpress/wp-content/uploads/2026/04/pexels-photo-12737918.jpeg
[07:47:34 UTC] [INFO] Completed get_updated_blocks - Processed: 2, Skipped: 0
[07:47:34 UTC] [INFO] Processing block #1 - Block type: uagb/advanced-heading
[07:47:34 UTC] [INFO] Checking block for image replacement: uagb/advanced-heading
[07:47:34 UTC] [INFO] Completed get_updated_blocks - Processed: 2, Skipped: 0
[07:47:34 UTC] [INFO] Completed get_updated_blocks - Processed: 2, Skipped: 0
[07:47:34 UTC] [INFO] Processing block #3 - Block type: 
[07:47:34 UTC] [INFO] Checking block for image replacement: 
[07:47:34 UTC] [INFO] Processing block #4 - Block type: uagb/container
[07:47:34 UTC] [INFO] Checking block for image replacement: uagb/container
[07:47:34 UTC] [INFO] Starting parse_spectra_container
[07:47:34 UTC] [INFO] Found background image to replace: http://localhost/wordpress/wp-content/uploads/2024/07/customer-care.jpg
[07:47:34 UTC] [INFO] Retrieved replacement image from index: 23
[07:47:34 UTC] [INFO] Successfully downloaded image with ID: 99
[07:47:34 UTC] [INFO] Successfully replaced container background image - Old: http://localhost/wordpress/wp-content/uploads/2024/07/customer-care.jpg, New: http://localhost/wordpress/wp-content/uploads/2026/04/pexels-photo-19418741.jpeg
[07:47:34 UTC] [INFO] Processing 2 inner blocks for block #4
[07:47:34 UTC] [INFO] Processing 2 blocks for updates
[07:47:34 UTC] [INFO] Processing block #0 - Block type: uagb/advanced-heading
[07:47:34 UTC] [INFO] Checking block for image replacement: uagb/advanced-heading
[07:47:34 UTC] [INFO] Processing block #1 - Block type: uagb/faq
[07:47:34 UTC] [INFO] Checking block for image replacement: uagb/faq
[07:47:34 UTC] [INFO] Processing 4 inner blocks for block #1
[07:47:34 UTC] [INFO] Processing 4 blocks for updates
[07:47:34 UTC] [INFO] Processing block #0 - Block type: uagb/faq-child
[07:47:34 UTC] [INFO] Checking block for image replacement: uagb/faq-child
[07:47:34 UTC] [INFO] Processing block #1 - Block type: uagb/faq-child
[07:47:34 UTC] [INFO] Checking block for image replacement: uagb/faq-child
[07:47:34 UTC] [INFO] Processing block #2 - Block type: uagb/faq-child
[07:47:34 UTC] [INFO] Checking block for image replacement: uagb/faq-child
[07:47:34 UTC] [INFO] Processing block #3 - Block type: uagb/faq-child
[07:47:34 UTC] [INFO] Checking block for image replacement: uagb/faq-child
[07:47:34 UTC] [INFO] Completed get_updated_blocks - Processed: 4, Skipped: 0
[07:47:34 UTC] [INFO] Completed get_updated_blocks - Processed: 2, Skipped: 0
[07:47:34 UTC] [INFO] Processing block #5 - Block type: 
[07:47:34 UTC] [INFO] Checking block for image replacement: 
[07:47:34 UTC] [INFO] Processing block #6 - Block type: uagb/container
[07:47:34 UTC] [INFO] Checking block for image replacement: uagb/container
[07:47:34 UTC] [INFO] Starting parse_spectra_container
[07:47:34 UTC] [INFO] No background image or skipable image, returning block unchanged
[07:47:34 UTC] [INFO] Processing 3 inner blocks for block #6
[07:47:34 UTC] [INFO] Processing 3 blocks for updates
[07:47:34 UTC] [INFO] Processing block #0 - Block type: uagb/advanced-heading
[07:47:34 UTC] [INFO] Checking block for image replacement: uagb/advanced-heading
[07:47:34 UTC] [INFO] Processing block #1 - Block type: uagb/image
[07:47:34 UTC] [INFO] Checking block for image replacement: uagb/image
[07:47:34 UTC] [INFO] Starting parse_spectra_image
[07:47:34 UTC] [INFO] Found image to replace: http://localhost/wordpress/wp-content/uploads/2024/08/ours-journey.jpg
[07:47:34 UTC] [INFO] Retrieved replacement image from index: 24
[07:47:34 UTC] [INFO] Successfully downloaded image with ID: 100
[07:47:34 UTC] [INFO] Replaced image URL in innerHTML
[07:47:34 UTC] [INFO] Updated alt text to: A close-up view of Indian dishes including biryani, dumplings, and sauces set on a table.
[07:47:34 UTC] [INFO] Updated tablet image URL: http://localhost/wordpress/wp-content/uploads/2026/04/pexels-photo-32083370.jpeg
[07:47:34 UTC] [INFO] Updated mobile image URL: http://localhost/wordpress/wp-content/uploads/2026/04/pexels-photo-32083370.jpeg
[07:47:34 UTC] [INFO] Updated image ID from 481 to 100
[07:47:34 UTC] [INFO] Replaced image URL in 1 inner content items
[07:47:34 UTC] [INFO] Successfully replaced Spectra image - Old: http://localhost/wordpress/wp-content/uploads/2024/08/ours-journey.jpg, New: http://localhost/wordpress/wp-content/uploads/2026/04/pexels-photo-32083370.jpeg
[07:47:34 UTC] [INFO] Processing block #2 - Block type: uagb/advanced-heading
[07:47:34 UTC] [INFO] Checking block for image replacement: uagb/advanced-heading
[07:47:34 UTC] [INFO] Completed get_updated_blocks - Processed: 3, Skipped: 0
[07:47:34 UTC] [INFO] Completed get_updated_blocks - Processed: 7, Skipped: 0
[07:47:34 UTC] [INFO] Serialized updated blocks into content
[07:47:34 UTC] [INFO] Starting replace_content_glitch
[07:47:34 UTC] [INFO] Completed replace_content_glitch
[07:47:34 UTC] [INFO] Completed parse_replace_images for post ID: 298
[07:47:35 UTC] [INFO] Updated page content | Context: {"post_id":298}
[07:47:35 UTC] [SUCCESS] Page image replacement completed | Context: {"success_count":5}
[07:47:35 UTC] [INFO] Replacing images in posts
[07:47:35 UTC] [INFO] Starting post image replacement | Context: {"post_count":3}
[07:47:35 UTC] [SUCCESS] Successfully set featured image | Context: {"post_id":247,"attachment_id":101}
[07:47:35 UTC] [SUCCESS] Successfully set featured image | Context: {"post_id":246,"attachment_id":102}
[07:47:35 UTC] [SUCCESS] Successfully set featured image | Context: {"post_id":244,"attachment_id":103}
[07:47:35 UTC] [SUCCESS] Post image replacement completed | Context: {"processed_count":3}
[07:47:35 UTC] [INFO] Replacing images in customizer
[07:47:35 UTC] [INFO] Starting customizer image replacement
[07:47:35 UTC] [INFO] Skipping astra option update - image ID is 0
[07:47:35 UTC] [INFO] Updated customizer option | Context: {"option_name":"footer-bg-obj-responsive"}
[07:47:35 UTC] [SUCCESS] Successfully updated astra option | Context: {"attachment_id":104}
[07:47:35 UTC] [INFO] Updated customizer option | Context: {"option_name":"ast-dynamic-archive-post-banner-custom-bg"}
[07:47:35 UTC] [INFO] Starting social options update | Context: {"options_count":0}
[07:47:35 UTC] [INFO] No social options to update
[07:47:35 UTC] [SUCCESS] Customizer image replacement completed
[07:47:35 UTC] [INFO] Starting cleanup of old images
[07:47:35 UTC] [INFO] Processing old image URLs | Context: {"old_image_count":25}
[07:47:36 UTC] [INFO] Old images deleted | Context: {"deleted_count":25}
[07:47:36 UTC] [INFO] Cleanup options removed
[07:47:36 UTC] [INFO] Cleanup completed
[07:47:36 UTC] [SUCCESS] Image replacement completed successfully
[07:47:36 UTC] [SUCCESS] Image Replacement completed.
[07:47:39 UTC] [INFO] ---

[07:47:39 UTC] [INFO] Starting import end process
[07:47:39 UTC] [INFO] Finalizing import process
[07:47:39 UTC] [INFO] Setting permalink structure to post name
[07:47:39 UTC] [INFO] Executing import complete actions
[07:47:39 UTC] [INFO] Deleted Temporary WXR file 166
[07:47:39 UTC] [INFO] Option `astra_sites_imported_wxr_id` Deleted.
[07:47:39 UTC] [INFO] Batch Process Started..
[07:47:39 UTC] [INFO] Starter Templates - Importing Images for Blog name 'PrimePulse' (1)
[07:47:40 UTC] [SUCCESS] Import completed successfully!
[07:47:42 UTC] [INFO] ---- Processing Images from Widgets -----
[07:47:42 UTC] [INFO] ---- Processing Contact Form Mapping from Text Widgets -----
[07:47:42 UTC] [INFO] ---- Processing batch process for Customizer start ----
[07:47:42 UTC] [INFO] Starting image import for URL: https://multipurpose43.ziptemplates.top/wp-content/uploads/2024/07/footer-cta.jpg
[07:47:42 UTC] [INFO] Image already exists in media library (ID: 331), skipping download
[07:47:42 UTC] [INFO] Starting image import for URL: http://localhost/wordpress/wp-content/uploads/2026/04/pexels-photo-35539315.jpeg
[07:47:42 UTC] [WARNING] Invalid image URL provided: http://localhost/wordpress/wp-content/uploads/2026/04/pexels-photo-35539315.jpeg
[07:47:42 UTC] [INFO] ---- Processing batch process for Customizer done ----
[07:47:46 UTC] [INFO] ---

[07:47:46 UTC] [INFO] Setting site data: site-colors
[07:47:49 UTC] [INFO] ---

[07:47:49 UTC] [INFO] Setting site data: site-title
[07:47:51 UTC] [INFO] ---

[07:47:51 UTC] [INFO] Setting site data: site-typography
[07:47:56 UTC] [INFO] ---

[07:47:56 UTC] [SUCCESS] Import completed successfully!
[07:48:00 UTC] [INFO] Import process completed. Cleaning up log file option.